"Experiment","Litter","Exp_date","Img_date","Embryo_ID","Background","Treatment","TE_ICM","Cellcount","Stage","litter.median","icm.count","Gene1","Genotype1","Gene2","Genotype2","Identity.hc","count","pc.icm"
"020614_R3","020614_R3",20140206,20140219,"020614_R3_LM1","CD1/mixed","Littermate","ICM",70,"64_90",70,28,"any","wt","any","wt","PRE",6,21.4285714285714
"020614_R3","020614_R3",20140206,20140219,"020614_R3_LM1","CD1/mixed","Littermate","ICM",70,"64_90",70,28,"any","wt","any","wt","DP",22,78.5714285714286
"020614_R3","020614_R3",20140206,20140219,"020614_R3_LM1","CD1/mixed","Littermate","TE",70,"64_90",70,28,"any","wt","any","wt","TE",42,150
"020614_R3","020614_R3",20140206,20140219,"020614_R3_LM2","CD1/mixed","Littermate","ICM",64,"64_90",70,31,"any","wt","any","wt","PRE",3,9.67741935483871
"020614_R3","020614_R3",20140206,20140219,"020614_R3_LM2","CD1/mixed","Littermate","ICM",64,"64_90",70,31,"any","wt","any","wt","DP",28,90.3225806451613
"020614_R3","020614_R3",20140206,20140219,"020614_R3_LM2","CD1/mixed","Littermate","TE",64,"64_90",70,31,"any","wt","any","wt","TE",33,106.451612903226
"020614_R3","020614_R3",20140206,20140219,"020614_R3_LM3","CD1/mixed","Littermate","ICM",74,"64_90",70,26,"any","wt","any","wt","PRE",2,7.69230769230769
"020614_R3","020614_R3",20140206,20140219,"020614_R3_LM3","CD1/mixed","Littermate","ICM",74,"64_90",70,26,"any","wt","any","wt","DP",24,92.3076923076923
"020614_R3","020614_R3",20140206,20140219,"020614_R3_LM3","CD1/mixed","Littermate","TE",74,"64_90",70,26,"any","wt","any","wt","TE",48,184.615384615385
"020614_R4","020614_R4",20140206,20140224,"020614_R4_LM1","CD1/mixed","Littermate","ICM",93,"90_120",98,26,"any","wt","any","wt","PRE",12,46.1538461538462
"020614_R4","020614_R4",20140206,20140224,"020614_R4_LM1","CD1/mixed","Littermate","ICM",93,"90_120",98,26,"any","wt","any","wt","DP",6,23.0769230769231
"020614_R4","020614_R4",20140206,20140224,"020614_R4_LM1","CD1/mixed","Littermate","ICM",93,"90_120",98,26,"any","wt","any","wt","EPI",8,30.7692307692308
"020614_R4","020614_R4",20140206,20140224,"020614_R4_LM1","CD1/mixed","Littermate","TE",93,"90_120",98,26,"any","wt","any","wt","TE",67,257.692307692308
"020614_R4","020614_R4",20140206,20140224,"020614_R4_LM2","CD1/mixed","Littermate","ICM",98,"90_120",98,23,"any","wt","any","wt","PRE",7,30.4347826086957
"020614_R4","020614_R4",20140206,20140224,"020614_R4_LM2","CD1/mixed","Littermate","ICM",98,"90_120",98,23,"any","wt","any","wt","DP",12,52.1739130434783
"020614_R4","020614_R4",20140206,20140224,"020614_R4_LM2","CD1/mixed","Littermate","ICM",98,"90_120",98,23,"any","wt","any","wt","EPI",4,17.3913043478261
"020614_R4","020614_R4",20140206,20140224,"020614_R4_LM2","CD1/mixed","Littermate","TE",98,"90_120",98,23,"any","wt","any","wt","TE",75,326.086956521739
"020614_R4","020614_R4",20140206,20140224,"020614_R4_LM3","CD1/mixed","Littermate","ICM",109,"90_120",98,44,"any","wt","any","wt","PRE",27,61.3636363636364
"020614_R4","020614_R4",20140206,20140224,"020614_R4_LM3","CD1/mixed","Littermate","ICM",109,"90_120",98,44,"any","wt","any","wt","DP",3,6.81818181818182
"020614_R4","020614_R4",20140206,20140224,"020614_R4_LM3","CD1/mixed","Littermate","ICM",109,"90_120",98,44,"any","wt","any","wt","EPI",14,31.8181818181818
"020614_R4","020614_R4",20140206,20140224,"020614_R4_LM3","CD1/mixed","Littermate","TE",109,"90_120",98,44,"any","wt","any","wt","TE",65,147.727272727273
"020614_R4","020614_R4",20140206,20140224,"020614_R4_LM4","CD1/mixed","Littermate","ICM",89,"64_90",98,30,"any","wt","any","wt","PRE",14,46.6666666666667
"020614_R4","020614_R4",20140206,20140224,"020614_R4_LM4","CD1/mixed","Littermate","ICM",89,"64_90",98,30,"any","wt","any","wt","DP",11,36.6666666666667
"020614_R4","020614_R4",20140206,20140224,"020614_R4_LM4","CD1/mixed","Littermate","ICM",89,"64_90",98,30,"any","wt","any","wt","EPI",5,16.6666666666667
"020614_R4","020614_R4",20140206,20140224,"020614_R4_LM4","CD1/mixed","Littermate","TE",89,"64_90",98,30,"any","wt","any","wt","TE",59,196.666666666667
"032514_R3","032514_R3",20140325,20140404,"032514_R3_LM1","CD1/mixed","Littermate","ICM",72,"64_90",76,32,"any","wt","any","wt","PRE",14,43.75
"032514_R3","032514_R3",20140325,20140404,"032514_R3_LM1","CD1/mixed","Littermate","ICM",72,"64_90",76,32,"any","wt","any","wt","DP",5,15.625
"032514_R3","032514_R3",20140325,20140404,"032514_R3_LM1","CD1/mixed","Littermate","ICM",72,"64_90",76,32,"any","wt","any","wt","EPI",13,40.625
"032514_R3","032514_R3",20140325,20140404,"032514_R3_LM1","CD1/mixed","Littermate","TE",72,"64_90",76,32,"any","wt","any","wt","TE",40,125
"032514_R3","032514_R3",20140325,20140404,"032514_R3_LM2","CD1/mixed","Littermate","ICM",76,"64_90",76,21,"any","wt","any","wt","PRE",8,38.0952380952381
"032514_R3","032514_R3",20140325,20140404,"032514_R3_LM2","CD1/mixed","Littermate","ICM",76,"64_90",76,21,"any","wt","any","wt","DP",4,19.047619047619
"032514_R3","032514_R3",20140325,20140404,"032514_R3_LM2","CD1/mixed","Littermate","ICM",76,"64_90",76,21,"any","wt","any","wt","EPI",9,42.8571428571429
"032514_R3","032514_R3",20140325,20140404,"032514_R3_LM2","CD1/mixed","Littermate","TE",76,"64_90",76,21,"any","wt","any","wt","TE",55,261.904761904762
"032514_R4","032514_R4",20140325,20140404,"032514_R4_LM1","CD1/mixed","Littermate","ICM",80,"64_90",85,28,"any","wt","any","wt","PRE",13,46.4285714285714
"032514_R4","032514_R4",20140325,20140404,"032514_R4_LM1","CD1/mixed","Littermate","ICM",80,"64_90",85,28,"any","wt","any","wt","DP",7,25
"032514_R4","032514_R4",20140325,20140404,"032514_R4_LM1","CD1/mixed","Littermate","ICM",80,"64_90",85,28,"any","wt","any","wt","EPI",8,28.5714285714286
"032514_R4","032514_R4",20140325,20140404,"032514_R4_LM1","CD1/mixed","Littermate","TE",80,"64_90",85,28,"any","wt","any","wt","TE",52,185.714285714286
"032514_R4","032514_R4",20140325,20140404,"032514_R4_LM2","CD1/mixed","Littermate","ICM",85,"64_90",85,26,"any","wt","any","wt","PRE",15,57.6923076923077
"032514_R4","032514_R4",20140325,20140404,"032514_R4_LM2","CD1/mixed","Littermate","ICM",85,"64_90",85,26,"any","wt","any","wt","DP",3,11.5384615384615
"032514_R4","032514_R4",20140325,20140404,"032514_R4_LM2","CD1/mixed","Littermate","ICM",85,"64_90",85,26,"any","wt","any","wt","EPI",7,26.9230769230769
"032514_R4","032514_R4",20140325,20140404,"032514_R4_LM2","CD1/mixed","Littermate","ICM",85,"64_90",85,26,"any","wt","any","wt","EPI.lo",1,3.84615384615385
"032514_R4","032514_R4",20140325,20140404,"032514_R4_LM2","CD1/mixed","Littermate","TE",85,"64_90",85,26,"any","wt","any","wt","TE",59,226.923076923077
"041014_R5","041014_R5",20140410,20140417,"041014_R5_LM1","CD1/mixed","Littermate","ICM",50,"32_64",63,21,"any","wt","any","wt","PRE",7,33.3333333333333
"041014_R5","041014_R5",20140410,20140417,"041014_R5_LM1","CD1/mixed","Littermate","ICM",50,"32_64",63,21,"any","wt","any","wt","DP",13,61.9047619047619
"041014_R5","041014_R5",20140410,20140417,"041014_R5_LM1","CD1/mixed","Littermate","ICM",50,"32_64",63,21,"any","wt","any","wt","EPI",1,4.76190476190476
"041014_R5","041014_R5",20140410,20140417,"041014_R5_LM1","CD1/mixed","Littermate","TE",50,"32_64",63,21,"any","wt","any","wt","TE",29,138.095238095238
"041014_R5","041014_R5",20140410,20140417,"041014_R5_LM2","CD1/mixed","Littermate","ICM",63,"32_64",63,27,"any","wt","any","wt","PRE",4,14.8148148148148
"041014_R5","041014_R5",20140410,20140417,"041014_R5_LM2","CD1/mixed","Littermate","ICM",63,"32_64",63,27,"any","wt","any","wt","DP",20,74.0740740740741
"041014_R5","041014_R5",20140410,20140417,"041014_R5_LM2","CD1/mixed","Littermate","ICM",63,"32_64",63,27,"any","wt","any","wt","EPI",3,11.1111111111111
"041014_R5","041014_R5",20140410,20140417,"041014_R5_LM2","CD1/mixed","Littermate","TE",63,"32_64",63,27,"any","wt","any","wt","TE",36,133.333333333333
"041014_R5","041014_R5",20140410,20140417,"041014_R5_LM3","CD1/mixed","Littermate","ICM",64,"64_90",63,32,"any","wt","any","wt","PRE",1,3.125
"041014_R5","041014_R5",20140410,20140417,"041014_R5_LM3","CD1/mixed","Littermate","ICM",64,"64_90",63,32,"any","wt","any","wt","DP",22,68.75
"041014_R5","041014_R5",20140410,20140417,"041014_R5_LM3","CD1/mixed","Littermate","ICM",64,"64_90",63,32,"any","wt","any","wt","EPI",9,28.125
"041014_R5","041014_R5",20140410,20140417,"041014_R5_LM3","CD1/mixed","Littermate","TE",64,"64_90",63,32,"any","wt","any","wt","TE",32,100
"041114_R5","041114_R5",20140411,20140417,"041114_R5_LM1","CD1/mixed","Littermate","ICM",37,"32_64",38,10,"any","wt","any","wt","DP",9,90
"041114_R5","041114_R5",20140411,20140417,"041114_R5_LM1","CD1/mixed","Littermate","ICM",37,"32_64",38,10,"any","wt","any","wt","EPI",1,10
"041114_R5","041114_R5",20140411,20140417,"041114_R5_LM1","CD1/mixed","Littermate","TE",37,"32_64",38,10,"any","wt","any","wt","TE",27,270
"041114_R5","041114_R5",20140411,20140417,"041114_R5_LM2","CD1/mixed","Littermate","ICM",38,"32_64",38,16,"any","wt","any","wt","DP",11,68.75
"041114_R5","041114_R5",20140411,20140417,"041114_R5_LM2","CD1/mixed","Littermate","ICM",38,"32_64",38,16,"any","wt","any","wt","EPI",3,18.75
"041114_R5","041114_R5",20140411,20140417,"041114_R5_LM2","CD1/mixed","Littermate","ICM",38,"32_64",38,16,"any","wt","any","wt","DN",2,12.5
"041114_R5","041114_R5",20140411,20140417,"041114_R5_LM2","CD1/mixed","Littermate","TE",38,"32_64",38,16,"any","wt","any","wt","TE",22,137.5
"050115_R3","050115_R3",20150501,20150506,"050115_R3_LM1","CD1/mixed","Littermate","ICM",63,"32_64",63,19,"any","wt","any","wt","DP",19,100
"050115_R3","050115_R3",20150501,20150506,"050115_R3_LM1","CD1/mixed","Littermate","TE",63,"32_64",63,19,"any","wt","any","wt","TE",44,231.578947368421
"050115_R3","050115_R3",20150501,20150506,"050115_R3_LM2","CD1/mixed","Littermate","ICM",50,"32_64",63,19,"any","wt","any","wt","DP",18,94.7368421052632
"050115_R3","050115_R3",20150501,20150506,"050115_R3_LM2","CD1/mixed","Littermate","ICM",50,"32_64",63,19,"any","wt","any","wt","EPI",1,5.26315789473684
"050115_R3","050115_R3",20150501,20150506,"050115_R3_LM2","CD1/mixed","Littermate","TE",50,"32_64",63,19,"any","wt","any","wt","TE",31,163.157894736842
"050214_R5","050214_R5",20140502,20140507,"050214_R5_LM1","CD1/mixed","Littermate","ICM",42,"32_64",61,15,"any","wt","any","wt","PRE",1,6.66666666666667
"050214_R5","050214_R5",20140502,20140507,"050214_R5_LM1","CD1/mixed","Littermate","ICM",42,"32_64",61,15,"any","wt","any","wt","DP",14,93.3333333333333
"050214_R5","050214_R5",20140502,20140507,"050214_R5_LM1","CD1/mixed","Littermate","TE",42,"32_64",61,15,"any","wt","any","wt","TE",27,180
"050214_R5","050214_R5",20140502,20140507,"050214_R5_LM2","CD1/mixed","Littermate","ICM",61,"32_64",61,29,"any","wt","any","wt","DP",27,93.1034482758621
"050214_R5","050214_R5",20140502,20140507,"050214_R5_LM2","CD1/mixed","Littermate","ICM",61,"32_64",61,29,"any","wt","any","wt","EPI",2,6.89655172413793
"050214_R5","050214_R5",20140502,20140507,"050214_R5_LM2","CD1/mixed","Littermate","TE",61,"32_64",61,29,"any","wt","any","wt","TE",32,110.344827586207
"050214_R5","050214_R5",20140502,20140507,"050214_R5_LM3","CD1/mixed","Littermate","ICM",63,"32_64",61,27,"any","wt","any","wt","PRE",1,3.7037037037037
"050214_R5","050214_R5",20140502,20140507,"050214_R5_LM3","CD1/mixed","Littermate","ICM",63,"32_64",61,27,"any","wt","any","wt","DP",26,96.2962962962963
"050214_R5","050214_R5",20140502,20140507,"050214_R5_LM3","CD1/mixed","Littermate","TE",63,"32_64",61,27,"any","wt","any","wt","TE",36,133.333333333333
"050815_R4a","050815_R4a",20150508,20150519,"050815_R4_LMa1","CD1/mixed","Littermate","ICM",98,"90_120",98,33,"any","wt","any","wt","PRE",13,39.3939393939394
"050815_R4a","050815_R4a",20150508,20150519,"050815_R4_LMa1","CD1/mixed","Littermate","ICM",98,"90_120",98,33,"any","wt","any","wt","DP",1,3.03030303030303
"050815_R4a","050815_R4a",20150508,20150519,"050815_R4_LMa1","CD1/mixed","Littermate","ICM",98,"90_120",98,33,"any","wt","any","wt","EPI",19,57.5757575757576
"050815_R4a","050815_R4a",20150508,20150519,"050815_R4_LMa1","CD1/mixed","Littermate","TE",98,"90_120",98,33,"any","wt","any","wt","TE",65,196.969696969697
"050815_R4a","050815_R4a",20150508,20150519,"050815_R4_LMa2","CD1/mixed","Littermate","ICM",95,"90_120",98,42,"any","wt","any","wt","PRE",13,30.952380952381
"050815_R4a","050815_R4a",20150508,20150519,"050815_R4_LMa2","CD1/mixed","Littermate","ICM",95,"90_120",98,42,"any","wt","any","wt","DP",14,33.3333333333333
"050815_R4a","050815_R4a",20150508,20150519,"050815_R4_LMa2","CD1/mixed","Littermate","ICM",95,"90_120",98,42,"any","wt","any","wt","EPI",14,33.3333333333333
"050815_R4a","050815_R4a",20150508,20150519,"050815_R4_LMa2","CD1/mixed","Littermate","ICM",95,"90_120",98,42,"any","wt","any","wt","DN",1,2.38095238095238
"050815_R4a","050815_R4a",20150508,20150519,"050815_R4_LMa2","CD1/mixed","Littermate","TE",95,"90_120",98,42,"any","wt","any","wt","TE",53,126.190476190476
"050815_R4b","050815_R4b",20150508,20150520,"050815_R4_LMb1","CD1/mixed","Littermate","ICM",93,"90_120",93,32,"any","wt","any","wt","PRE",9,28.125
"050815_R4b","050815_R4b",20150508,20150520,"050815_R4_LMb1","CD1/mixed","Littermate","ICM",93,"90_120",93,32,"any","wt","any","wt","DP",3,9.375
"050815_R4b","050815_R4b",20150508,20150520,"050815_R4_LMb1","CD1/mixed","Littermate","ICM",93,"90_120",93,32,"any","wt","any","wt","EPI",20,62.5
"050815_R4b","050815_R4b",20150508,20150520,"050815_R4_LMb1","CD1/mixed","Littermate","TE",93,"90_120",93,32,"any","wt","any","wt","TE",61,190.625
"050815_R4b","050815_R4b",20150508,20150520,"050815_R4_LMb2","CD1/mixed","Littermate","ICM",90,"90_120",93,30,"any","wt","any","wt","PRE",14,46.6666666666667
"050815_R4b","050815_R4b",20150508,20150520,"050815_R4_LMb2","CD1/mixed","Littermate","ICM",90,"90_120",93,30,"any","wt","any","wt","DP",3,10
"050815_R4b","050815_R4b",20150508,20150520,"050815_R4_LMb2","CD1/mixed","Littermate","ICM",90,"90_120",93,30,"any","wt","any","wt","EPI",13,43.3333333333333
"050815_R4b","050815_R4b",20150508,20150520,"050815_R4_LMb2","CD1/mixed","Littermate","TE",90,"90_120",93,30,"any","wt","any","wt","TE",60,200
"051514_R3","051514_R3",20140515,20140528,"051514_R3_LM1","CD1/mixed","Littermate","ICM",67,"64_90",78,27,"any","wt","any","wt","PRE",3,11.1111111111111
"051514_R3","051514_R3",20140515,20140528,"051514_R3_LM1","CD1/mixed","Littermate","ICM",67,"64_90",78,27,"any","wt","any","wt","DP",24,88.8888888888889
"051514_R3","051514_R3",20140515,20140528,"051514_R3_LM1","CD1/mixed","Littermate","TE",67,"64_90",78,27,"any","wt","any","wt","TE",40,148.148148148148
"051514_R3","051514_R3",20140515,20140528,"051514_R3_LM2","CD1/mixed","Littermate","ICM",87,"64_90",78,28,"any","wt","any","wt","PRE",13,46.4285714285714
"051514_R3","051514_R3",20140515,20140528,"051514_R3_LM2","CD1/mixed","Littermate","ICM",87,"64_90",78,28,"any","wt","any","wt","DP",13,46.4285714285714
"051514_R3","051514_R3",20140515,20140528,"051514_R3_LM2","CD1/mixed","Littermate","ICM",87,"64_90",78,28,"any","wt","any","wt","EPI",1,3.57142857142857
"051514_R3","051514_R3",20140515,20140528,"051514_R3_LM2","CD1/mixed","Littermate","ICM",87,"64_90",78,28,"any","wt","any","wt","DN",1,3.57142857142857
"051514_R3","051514_R3",20140515,20140528,"051514_R3_LM2","CD1/mixed","Littermate","TE",87,"64_90",78,28,"any","wt","any","wt","TE",59,210.714285714286
"051514_R3","051514_R3",20140515,20140528,"051514_R3_LM3","CD1/mixed","Littermate","ICM",78,"64_90",78,20,"any","wt","any","wt","PRE",4,20
"051514_R3","051514_R3",20140515,20140528,"051514_R3_LM3","CD1/mixed","Littermate","ICM",78,"64_90",78,20,"any","wt","any","wt","DP",16,80
"051514_R3","051514_R3",20140515,20140528,"051514_R3_LM3","CD1/mixed","Littermate","TE",78,"64_90",78,20,"any","wt","any","wt","TE",58,290
"052714_R4a","052714_R4a",20140527,20140609,"052714_R4_LMa","CD1/mixed","Littermate","ICM",75,"64_90",75,22,"any","wt","any","wt","PRE",11,50
"052714_R4a","052714_R4a",20140527,20140609,"052714_R4_LMa","CD1/mixed","Littermate","ICM",75,"64_90",75,22,"any","wt","any","wt","DP",1,4.54545454545455
"052714_R4a","052714_R4a",20140527,20140609,"052714_R4_LMa","CD1/mixed","Littermate","ICM",75,"64_90",75,22,"any","wt","any","wt","EPI",9,40.9090909090909
"052714_R4a","052714_R4a",20140527,20140609,"052714_R4_LMa","CD1/mixed","Littermate","ICM",75,"64_90",75,22,"any","wt","any","wt","DN",1,4.54545454545455
"052714_R4a","052714_R4a",20140527,20140609,"052714_R4_LMa","CD1/mixed","Littermate","TE",75,"64_90",75,22,"any","wt","any","wt","TE",53,240.909090909091
"052714_R4b","052714_R4b",20140527,20140616,"052714_R4_LMb1","CD1/mixed","Littermate","ICM",76,"64_90",107,22,"any","wt","any","wt","PRE",9,40.9090909090909
"052714_R4b","052714_R4b",20140527,20140616,"052714_R4_LMb1","CD1/mixed","Littermate","ICM",76,"64_90",107,22,"any","wt","any","wt","DP",3,13.6363636363636
"052714_R4b","052714_R4b",20140527,20140616,"052714_R4_LMb1","CD1/mixed","Littermate","ICM",76,"64_90",107,22,"any","wt","any","wt","EPI",9,40.9090909090909
"052714_R4b","052714_R4b",20140527,20140616,"052714_R4_LMb1","CD1/mixed","Littermate","ICM",76,"64_90",107,22,"any","wt","any","wt","DN",1,4.54545454545455
"052714_R4b","052714_R4b",20140527,20140616,"052714_R4_LMb1","CD1/mixed","Littermate","TE",76,"64_90",107,22,"any","wt","any","wt","TE",54,245.454545454545
"052714_R4b","052714_R4b",20140527,20140616,"052714_R4_LMb2","CD1/mixed","Littermate","ICM",107,"90_120",107,37,"any","wt","any","wt","PRE",20,54.0540540540541
"052714_R4b","052714_R4b",20140527,20140616,"052714_R4_LMb2","CD1/mixed","Littermate","ICM",107,"90_120",107,37,"any","wt","any","wt","DP",3,8.10810810810811
"052714_R4b","052714_R4b",20140527,20140616,"052714_R4_LMb2","CD1/mixed","Littermate","ICM",107,"90_120",107,37,"any","wt","any","wt","EPI",14,37.8378378378378
"052714_R4b","052714_R4b",20140527,20140616,"052714_R4_LMb2","CD1/mixed","Littermate","TE",107,"90_120",107,37,"any","wt","any","wt","TE",70,189.189189189189
"052714_R5a","052714_R5a",20140527,20140602,"052714_R5_LMa1","CD1/mixed","Littermate","ICM",79,"64_90",70,27,"any","wt","any","wt","PRE",14,51.8518518518518
"052714_R5a","052714_R5a",20140527,20140602,"052714_R5_LMa1","CD1/mixed","Littermate","ICM",79,"64_90",70,27,"any","wt","any","wt","DP",4,14.8148148148148
"052714_R5a","052714_R5a",20140527,20140602,"052714_R5_LMa1","CD1/mixed","Littermate","ICM",79,"64_90",70,27,"any","wt","any","wt","EPI",9,33.3333333333333
"052714_R5a","052714_R5a",20140527,20140602,"052714_R5_LMa1","CD1/mixed","Littermate","TE",79,"64_90",70,27,"any","wt","any","wt","TE",52,192.592592592593
"052714_R5a","052714_R5a",20140527,20140602,"052714_R5_LMa2","CD1/mixed","Littermate","ICM",70,"64_90",70,33,"any","wt","any","wt","PRE",13,39.3939393939394
"052714_R5a","052714_R5a",20140527,20140602,"052714_R5_LMa2","CD1/mixed","Littermate","ICM",70,"64_90",70,33,"any","wt","any","wt","DP",12,36.3636363636364
"052714_R5a","052714_R5a",20140527,20140602,"052714_R5_LMa2","CD1/mixed","Littermate","ICM",70,"64_90",70,33,"any","wt","any","wt","EPI",8,24.2424242424242
"052714_R5a","052714_R5a",20140527,20140602,"052714_R5_LMa2","CD1/mixed","Littermate","TE",70,"64_90",70,33,"any","wt","any","wt","TE",37,112.121212121212
"052714_R5a","052714_R5a",20140527,20140602,"052714_R5_LMa3","CD1/mixed","Littermate","ICM",64,"64_90",70,29,"any","wt","any","wt","PRE",8,27.5862068965517
"052714_R5a","052714_R5a",20140527,20140602,"052714_R5_LMa3","CD1/mixed","Littermate","ICM",64,"64_90",70,29,"any","wt","any","wt","DP",14,48.2758620689655
"052714_R5a","052714_R5a",20140527,20140602,"052714_R5_LMa3","CD1/mixed","Littermate","ICM",64,"64_90",70,29,"any","wt","any","wt","EPI",7,24.1379310344828
"052714_R5a","052714_R5a",20140527,20140602,"052714_R5_LMa3","CD1/mixed","Littermate","TE",64,"64_90",70,29,"any","wt","any","wt","TE",35,120.689655172414
"052714_R5b","052714_R5b",20140527,20140603,"052714_R5_LMb1","CD1/mixed","Littermate","ICM",61,"32_64",55,18,"any","wt","any","wt","PRE",4,22.2222222222222
"052714_R5b","052714_R5b",20140527,20140603,"052714_R5_LMb1","CD1/mixed","Littermate","ICM",61,"32_64",55,18,"any","wt","any","wt","DP",6,33.3333333333333
"052714_R5b","052714_R5b",20140527,20140603,"052714_R5_LMb1","CD1/mixed","Littermate","ICM",61,"32_64",55,18,"any","wt","any","wt","EPI",7,38.8888888888889
"052714_R5b","052714_R5b",20140527,20140603,"052714_R5_LMb1","CD1/mixed","Littermate","ICM",61,"32_64",55,18,"any","wt","any","wt","DN",1,5.55555555555556
"052714_R5b","052714_R5b",20140527,20140603,"052714_R5_LMb1","CD1/mixed","Littermate","TE",61,"32_64",55,18,"any","wt","any","wt","TE",43,238.888888888889
"052714_R5b","052714_R5b",20140527,20140603,"052714_R5_LMb2","CD1/mixed","Littermate","ICM",55,"32_64",55,15,"any","wt","any","wt","DP",13,86.6666666666667
"052714_R5b","052714_R5b",20140527,20140603,"052714_R5_LMb2","CD1/mixed","Littermate","ICM",55,"32_64",55,15,"any","wt","any","wt","EPI",1,6.66666666666667
"052714_R5b","052714_R5b",20140527,20140603,"052714_R5_LMb2","CD1/mixed","Littermate","ICM",55,"32_64",55,15,"any","wt","any","wt","DN",1,6.66666666666667
"052714_R5b","052714_R5b",20140527,20140603,"052714_R5_LMb2","CD1/mixed","Littermate","TE",55,"32_64",55,15,"any","wt","any","wt","TE",40,266.666666666667
"052714_R5b","052714_R5b",20140527,20140603,"052714_R5_LMb3","CD1/mixed","Littermate","ICM",51,"32_64",55,19,"any","wt","any","wt","PRE",1,5.26315789473684
"052714_R5b","052714_R5b",20140527,20140603,"052714_R5_LMb3","CD1/mixed","Littermate","ICM",51,"32_64",55,19,"any","wt","any","wt","DP",13,68.4210526315789
"052714_R5b","052714_R5b",20140527,20140603,"052714_R5_LMb3","CD1/mixed","Littermate","ICM",51,"32_64",55,19,"any","wt","any","wt","EPI",2,10.5263157894737
"052714_R5b","052714_R5b",20140527,20140603,"052714_R5_LMb3","CD1/mixed","Littermate","ICM",51,"32_64",55,19,"any","wt","any","wt","DN",3,15.7894736842105
"052714_R5b","052714_R5b",20140527,20140603,"052714_R5_LMb3","CD1/mixed","Littermate","TE",51,"32_64",55,19,"any","wt","any","wt","TE",32,168.421052631579
"052715_R4a","052715_R4a",20150527,20150610,"052715_R4_LMa1","CD1/mixed","Littermate","ICM",56,"32_64",64,18,"any","wt","any","wt","PRE",5,27.7777777777778
"052715_R4a","052715_R4a",20150527,20150610,"052715_R4_LMa1","CD1/mixed","Littermate","ICM",56,"32_64",64,18,"any","wt","any","wt","DP",10,55.5555555555556
"052715_R4a","052715_R4a",20150527,20150610,"052715_R4_LMa1","CD1/mixed","Littermate","ICM",56,"32_64",64,18,"any","wt","any","wt","EPI",2,11.1111111111111
"052715_R4a","052715_R4a",20150527,20150610,"052715_R4_LMa1","CD1/mixed","Littermate","ICM",56,"32_64",64,18,"any","wt","any","wt","DN",1,5.55555555555556
"052715_R4a","052715_R4a",20150527,20150610,"052715_R4_LMa1","CD1/mixed","Littermate","TE",56,"32_64",64,18,"any","wt","any","wt","TE",38,211.111111111111
"052715_R4a","052715_R4a",20150527,20150610,"052715_R4_LMa2","CD1/mixed","Littermate","ICM",86,"64_90",64,25,"any","wt","any","wt","PRE",13,52
"052715_R4a","052715_R4a",20150527,20150610,"052715_R4_LMa2","CD1/mixed","Littermate","ICM",86,"64_90",64,25,"any","wt","any","wt","DP",5,20
"052715_R4a","052715_R4a",20150527,20150610,"052715_R4_LMa2","CD1/mixed","Littermate","ICM",86,"64_90",64,25,"any","wt","any","wt","EPI",7,28
"052715_R4a","052715_R4a",20150527,20150610,"052715_R4_LMa2","CD1/mixed","Littermate","TE",86,"64_90",64,25,"any","wt","any","wt","TE",61,244
"052715_R4a","052715_R4a",20150527,20150610,"052715_R4_LMa3","CD1/mixed","Littermate","ICM",64,"64_90",64,17,"any","wt","any","wt","PRE",9,52.9411764705882
"052715_R4a","052715_R4a",20150527,20150610,"052715_R4_LMa3","CD1/mixed","Littermate","ICM",64,"64_90",64,17,"any","wt","any","wt","DP",3,17.6470588235294
"052715_R4a","052715_R4a",20150527,20150610,"052715_R4_LMa3","CD1/mixed","Littermate","ICM",64,"64_90",64,17,"any","wt","any","wt","EPI",5,29.4117647058824
"052715_R4a","052715_R4a",20150527,20150610,"052715_R4_LMa3","CD1/mixed","Littermate","TE",64,"64_90",64,17,"any","wt","any","wt","TE",47,276.470588235294
"052715_R4b","052715_R4b",20150527,20150610,"052715_R4_LMb1","CD1/mixed","Littermate","ICM",105,"90_120",105,41,"any","wt","any","wt","PRE",22,53.6585365853659
"052715_R4b","052715_R4b",20150527,20150610,"052715_R4_LMb1","CD1/mixed","Littermate","ICM",105,"90_120",105,41,"any","wt","any","wt","DP",5,12.1951219512195
"052715_R4b","052715_R4b",20150527,20150610,"052715_R4_LMb1","CD1/mixed","Littermate","ICM",105,"90_120",105,41,"any","wt","any","wt","EPI",14,34.1463414634146
"052715_R4b","052715_R4b",20150527,20150610,"052715_R4_LMb1","CD1/mixed","Littermate","TE",105,"90_120",105,41,"any","wt","any","wt","TE",64,156.09756097561
"052715_R4b","052715_R4b",20150527,20150610,"052715_R4_LMb2","CD1/mixed","Littermate","ICM",79,"64_90",105,24,"any","wt","any","wt","PRE",13,54.1666666666667
"052715_R4b","052715_R4b",20150527,20150610,"052715_R4_LMb2","CD1/mixed","Littermate","ICM",79,"64_90",105,24,"any","wt","any","wt","DP",1,4.16666666666667
"052715_R4b","052715_R4b",20150527,20150610,"052715_R4_LMb2","CD1/mixed","Littermate","ICM",79,"64_90",105,24,"any","wt","any","wt","EPI",10,41.6666666666667
"052715_R4b","052715_R4b",20150527,20150610,"052715_R4_LMb2","CD1/mixed","Littermate","TE",79,"64_90",105,24,"any","wt","any","wt","TE",55,229.166666666667
"060414_1","060414_1",20140604,20140624,"060414_1_1","CD1/mixed","Littermate","ICM",37,"32_64",40,13,"any","wt","any","wt","DP",11,84.6153846153846
"060414_1","060414_1",20140604,20140624,"060414_1_1","CD1/mixed","Littermate","ICM",37,"32_64",40,13,"any","wt","any","wt","EPI",1,7.69230769230769
"060414_1","060414_1",20140604,20140624,"060414_1_1","CD1/mixed","Littermate","ICM",37,"32_64",40,13,"any","wt","any","wt","DN",1,7.69230769230769
"060414_1","060414_1",20140604,20140624,"060414_1_1","CD1/mixed","Littermate","TE",37,"32_64",40,13,"any","wt","any","wt","TE",24,184.615384615385
"060414_1","060414_1",20140604,20140624,"060414_1_10","CD1/mixed","Littermate","ICM",36,"32_64",40,10,"any","wt","any","wt","PRE",1,10
"060414_1","060414_1",20140604,20140624,"060414_1_10","CD1/mixed","Littermate","ICM",36,"32_64",40,10,"any","wt","any","wt","DP",6,60
"060414_1","060414_1",20140604,20140624,"060414_1_10","CD1/mixed","Littermate","ICM",36,"32_64",40,10,"any","wt","any","wt","EPI",2,20
"060414_1","060414_1",20140604,20140624,"060414_1_10","CD1/mixed","Littermate","ICM",36,"32_64",40,10,"any","wt","any","wt","DN",1,10
"060414_1","060414_1",20140604,20140624,"060414_1_10","CD1/mixed","Littermate","TE",36,"32_64",40,10,"any","wt","any","wt","TE",26,260
"060414_1","060414_1",20140604,20140624,"060414_1_11","CD1/mixed","Littermate","ICM",49,"32_64",40,15,"any","wt","any","wt","PRE",8,53.3333333333333
"060414_1","060414_1",20140604,20140624,"060414_1_11","CD1/mixed","Littermate","ICM",49,"32_64",40,15,"any","wt","any","wt","DP",4,26.6666666666667
"060414_1","060414_1",20140604,20140624,"060414_1_11","CD1/mixed","Littermate","ICM",49,"32_64",40,15,"any","wt","any","wt","DN",3,20
"060414_1","060414_1",20140604,20140624,"060414_1_11","CD1/mixed","Littermate","TE",49,"32_64",40,15,"any","wt","any","wt","TE",34,226.666666666667
"060414_1","060414_1",20140604,20140624,"060414_1_12","CD1/mixed","Littermate","ICM",37,"32_64",40,13,"any","wt","any","wt","PRE",4,30.7692307692308
"060414_1","060414_1",20140604,20140624,"060414_1_12","CD1/mixed","Littermate","ICM",37,"32_64",40,13,"any","wt","any","wt","DP",3,23.0769230769231
"060414_1","060414_1",20140604,20140624,"060414_1_12","CD1/mixed","Littermate","ICM",37,"32_64",40,13,"any","wt","any","wt","EPI",3,23.0769230769231
"060414_1","060414_1",20140604,20140624,"060414_1_12","CD1/mixed","Littermate","ICM",37,"32_64",40,13,"any","wt","any","wt","DN",3,23.0769230769231
"060414_1","060414_1",20140604,20140624,"060414_1_12","CD1/mixed","Littermate","TE",37,"32_64",40,13,"any","wt","any","wt","TE",24,184.615384615385
"060414_1","060414_1",20140604,20140624,"060414_1_13","CD1/mixed","Littermate","ICM",44,"32_64",40,14,"any","wt","any","wt","PRE",4,28.5714285714286
"060414_1","060414_1",20140604,20140624,"060414_1_13","CD1/mixed","Littermate","ICM",44,"32_64",40,14,"any","wt","any","wt","DP",5,35.7142857142857
"060414_1","060414_1",20140604,20140624,"060414_1_13","CD1/mixed","Littermate","ICM",44,"32_64",40,14,"any","wt","any","wt","EPI",3,21.4285714285714
"060414_1","060414_1",20140604,20140624,"060414_1_13","CD1/mixed","Littermate","ICM",44,"32_64",40,14,"any","wt","any","wt","DN",2,14.2857142857143
"060414_1","060414_1",20140604,20140624,"060414_1_13","CD1/mixed","Littermate","TE",44,"32_64",40,14,"any","wt","any","wt","TE",30,214.285714285714
"060414_1","060414_1",20140604,20140624,"060414_1_2","CD1/mixed","Littermate","ICM",62,"32_64",40,22,"any","wt","any","wt","PRE",2,9.09090909090909
"060414_1","060414_1",20140604,20140624,"060414_1_2","CD1/mixed","Littermate","ICM",62,"32_64",40,22,"any","wt","any","wt","DP",16,72.7272727272727
"060414_1","060414_1",20140604,20140624,"060414_1_2","CD1/mixed","Littermate","ICM",62,"32_64",40,22,"any","wt","any","wt","EPI",1,4.54545454545455
"060414_1","060414_1",20140604,20140624,"060414_1_2","CD1/mixed","Littermate","ICM",62,"32_64",40,22,"any","wt","any","wt","DN",3,13.6363636363636
"060414_1","060414_1",20140604,20140624,"060414_1_2","CD1/mixed","Littermate","TE",62,"32_64",40,22,"any","wt","any","wt","TE",40,181.818181818182
"060414_1","060414_1",20140604,20140624,"060414_1_3","CD1/mixed","Littermate","ICM",45,"32_64",40,16,"any","wt","any","wt","PRE",4,25
"060414_1","060414_1",20140604,20140624,"060414_1_3","CD1/mixed","Littermate","ICM",45,"32_64",40,16,"any","wt","any","wt","DP",10,62.5
"060414_1","060414_1",20140604,20140624,"060414_1_3","CD1/mixed","Littermate","ICM",45,"32_64",40,16,"any","wt","any","wt","DN",2,12.5
"060414_1","060414_1",20140604,20140624,"060414_1_3","CD1/mixed","Littermate","TE",45,"32_64",40,16,"any","wt","any","wt","TE",29,181.25
"060414_1","060414_1",20140604,20140624,"060414_1_4","CD1/mixed","Littermate","ICM",40,"32_64",40,15,"any","wt","any","wt","DP",15,100
"060414_1","060414_1",20140604,20140624,"060414_1_4","CD1/mixed","Littermate","TE",40,"32_64",40,15,"any","wt","any","wt","TE",25,166.666666666667
"060414_1","060414_1",20140604,20140624,"060414_1_5","CD1/mixed","Littermate","ICM",37,"32_64",40,17,"any","wt","any","wt","PRE",3,17.6470588235294
"060414_1","060414_1",20140604,20140624,"060414_1_5","CD1/mixed","Littermate","ICM",37,"32_64",40,17,"any","wt","any","wt","DP",14,82.3529411764706
"060414_1","060414_1",20140604,20140624,"060414_1_5","CD1/mixed","Littermate","TE",37,"32_64",40,17,"any","wt","any","wt","TE",20,117.647058823529
"060414_1","060414_1",20140604,20140624,"060414_1_6","CD1/mixed","Littermate","ICM",34,"32_64",40,12,"any","wt","any","wt","PRE",1,8.33333333333333
"060414_1","060414_1",20140604,20140624,"060414_1_6","CD1/mixed","Littermate","ICM",34,"32_64",40,12,"any","wt","any","wt","DP",10,83.3333333333333
"060414_1","060414_1",20140604,20140624,"060414_1_6","CD1/mixed","Littermate","ICM",34,"32_64",40,12,"any","wt","any","wt","DN",1,8.33333333333333
"060414_1","060414_1",20140604,20140624,"060414_1_6","CD1/mixed","Littermate","TE",34,"32_64",40,12,"any","wt","any","wt","TE",22,183.333333333333
"060414_1","060414_1",20140604,20140624,"060414_1_7","CD1/mixed","Littermate","ICM",32,"32_64",40,14,"any","wt","any","wt","PRE",8,57.1428571428571
"060414_1","060414_1",20140604,20140624,"060414_1_7","CD1/mixed","Littermate","ICM",32,"32_64",40,14,"any","wt","any","wt","DP",3,21.4285714285714
"060414_1","060414_1",20140604,20140624,"060414_1_7","CD1/mixed","Littermate","ICM",32,"32_64",40,14,"any","wt","any","wt","EPI",2,14.2857142857143
"060414_1","060414_1",20140604,20140624,"060414_1_7","CD1/mixed","Littermate","ICM",32,"32_64",40,14,"any","wt","any","wt","DN",1,7.14285714285714
"060414_1","060414_1",20140604,20140624,"060414_1_7","CD1/mixed","Littermate","TE",32,"32_64",40,14,"any","wt","any","wt","TE",18,128.571428571429
"060414_1","060414_1",20140604,20140624,"060414_1_8","CD1/mixed","Littermate","ICM",43,"32_64",40,13,"any","wt","any","wt","DP",12,92.3076923076923
"060414_1","060414_1",20140604,20140624,"060414_1_8","CD1/mixed","Littermate","ICM",43,"32_64",40,13,"any","wt","any","wt","EPI",1,7.69230769230769
"060414_1","060414_1",20140604,20140624,"060414_1_8","CD1/mixed","Littermate","TE",43,"32_64",40,13,"any","wt","any","wt","TE",30,230.769230769231
"060414_2","060414_2",20140604,20140617,"060414_2_1","CD1/mixed","Littermate","ICM",68,"64_90",64,31,"any","wt","any","wt","PRE",5,16.1290322580645
"060414_2","060414_2",20140604,20140617,"060414_2_1","CD1/mixed","Littermate","ICM",68,"64_90",64,31,"any","wt","any","wt","DP",26,83.8709677419355
"060414_2","060414_2",20140604,20140617,"060414_2_1","CD1/mixed","Littermate","TE",68,"64_90",64,31,"any","wt","any","wt","TE",37,119.354838709677
"060414_2","060414_2",20140604,20140617,"060414_2_2","CD1/mixed","Littermate","ICM",64,"64_90",64,19,"any","wt","any","wt","PRE",5,26.3157894736842
"060414_2","060414_2",20140604,20140617,"060414_2_2","CD1/mixed","Littermate","ICM",64,"64_90",64,19,"any","wt","any","wt","DP",13,68.4210526315789
"060414_2","060414_2",20140604,20140617,"060414_2_2","CD1/mixed","Littermate","ICM",64,"64_90",64,19,"any","wt","any","wt","DN",1,5.26315789473684
"060414_2","060414_2",20140604,20140617,"060414_2_2","CD1/mixed","Littermate","TE",64,"64_90",64,19,"any","wt","any","wt","TE",45,236.842105263158
"060414_2","060414_2",20140604,20140617,"060414_2_3","CD1/mixed","Littermate","ICM",58,"32_64",64,30,"any","wt","any","wt","PRE",6,20
"060414_2","060414_2",20140604,20140617,"060414_2_3","CD1/mixed","Littermate","ICM",58,"32_64",64,30,"any","wt","any","wt","DP",14,46.6666666666667
"060414_2","060414_2",20140604,20140617,"060414_2_3","CD1/mixed","Littermate","ICM",58,"32_64",64,30,"any","wt","any","wt","EPI",10,33.3333333333333
"060414_2","060414_2",20140604,20140617,"060414_2_3","CD1/mixed","Littermate","TE",58,"32_64",64,30,"any","wt","any","wt","TE",28,93.3333333333333
"060414_2","060414_2",20140604,20140617,"060414_2_4","CD1/mixed","Littermate","ICM",64,"64_90",64,27,"any","wt","any","wt","PRE",4,14.8148148148148
"060414_2","060414_2",20140604,20140617,"060414_2_4","CD1/mixed","Littermate","ICM",64,"64_90",64,27,"any","wt","any","wt","DP",21,77.7777777777778
"060414_2","060414_2",20140604,20140617,"060414_2_4","CD1/mixed","Littermate","ICM",64,"64_90",64,27,"any","wt","any","wt","EPI",2,7.40740740740741
"060414_2","060414_2",20140604,20140617,"060414_2_4","CD1/mixed","Littermate","TE",64,"64_90",64,27,"any","wt","any","wt","TE",37,137.037037037037
"060414_2","060414_2",20140604,20140617,"060414_2_5","CD1/mixed","Littermate","ICM",59,"32_64",64,21,"any","wt","any","wt","DP",15,71.4285714285714
"060414_2","060414_2",20140604,20140617,"060414_2_5","CD1/mixed","Littermate","ICM",59,"32_64",64,21,"any","wt","any","wt","EPI",6,28.5714285714286
"060414_2","060414_2",20140604,20140617,"060414_2_5","CD1/mixed","Littermate","TE",59,"32_64",64,21,"any","wt","any","wt","TE",38,180.952380952381
"060414_2","060414_2",20140604,20140617,"060414_2_6","CD1/mixed","Littermate","ICM",70,"64_90",64,29,"any","wt","any","wt","PRE",8,27.5862068965517
"060414_2","060414_2",20140604,20140617,"060414_2_6","CD1/mixed","Littermate","ICM",70,"64_90",64,29,"any","wt","any","wt","DP",19,65.5172413793103
"060414_2","060414_2",20140604,20140617,"060414_2_6","CD1/mixed","Littermate","ICM",70,"64_90",64,29,"any","wt","any","wt","EPI",2,6.89655172413793
"060414_2","060414_2",20140604,20140617,"060414_2_6","CD1/mixed","Littermate","TE",70,"64_90",64,29,"any","wt","any","wt","TE",41,141.379310344828
"060414_2","060414_2",20140604,20140617,"060414_2_7","CD1/mixed","Littermate","ICM",63,"32_64",64,31,"any","wt","any","wt","PRE",4,12.9032258064516
"060414_2","060414_2",20140604,20140617,"060414_2_7","CD1/mixed","Littermate","ICM",63,"32_64",64,31,"any","wt","any","wt","DP",24,77.4193548387097
"060414_2","060414_2",20140604,20140617,"060414_2_7","CD1/mixed","Littermate","ICM",63,"32_64",64,31,"any","wt","any","wt","EPI",3,9.67741935483871
"060414_2","060414_2",20140604,20140617,"060414_2_7","CD1/mixed","Littermate","TE",63,"32_64",64,31,"any","wt","any","wt","TE",32,103.225806451613
"060514_1","060514_1",20140605,20140616,"060514_1_1","CD1/mixed","Littermate","ICM",67,"64_90",67,25,"any","wt","any","wt","PRE",9,36
"060514_1","060514_1",20140605,20140616,"060514_1_1","CD1/mixed","Littermate","ICM",67,"64_90",67,25,"any","wt","any","wt","DP",11,44
"060514_1","060514_1",20140605,20140616,"060514_1_1","CD1/mixed","Littermate","ICM",67,"64_90",67,25,"any","wt","any","wt","EPI",5,20
"060514_1","060514_1",20140605,20140616,"060514_1_1","CD1/mixed","Littermate","TE",67,"64_90",67,25,"any","wt","any","wt","TE",42,168
"060514_1","060514_1",20140605,20140616,"060514_1_2","CD1/mixed","Littermate","ICM",64,"64_90",67,30,"any","wt","any","wt","PRE",18,60
"060514_1","060514_1",20140605,20140616,"060514_1_2","CD1/mixed","Littermate","ICM",64,"64_90",67,30,"any","wt","any","wt","DP",10,33.3333333333333
"060514_1","060514_1",20140605,20140616,"060514_1_2","CD1/mixed","Littermate","ICM",64,"64_90",67,30,"any","wt","any","wt","EPI",2,6.66666666666667
"060514_1","060514_1",20140605,20140616,"060514_1_2","CD1/mixed","Littermate","TE",64,"64_90",67,30,"any","wt","any","wt","TE",34,113.333333333333
"060514_1","060514_1",20140605,20140616,"060514_1_3","CD1/mixed","Littermate","ICM",66,"64_90",67,24,"any","wt","any","wt","PRE",13,54.1666666666667
"060514_1","060514_1",20140605,20140616,"060514_1_3","CD1/mixed","Littermate","ICM",66,"64_90",67,24,"any","wt","any","wt","DP",10,41.6666666666667
"060514_1","060514_1",20140605,20140616,"060514_1_3","CD1/mixed","Littermate","ICM",66,"64_90",67,24,"any","wt","any","wt","EPI",1,4.16666666666667
"060514_1","060514_1",20140605,20140616,"060514_1_3","CD1/mixed","Littermate","TE",66,"64_90",67,24,"any","wt","any","wt","TE",42,175
"060514_1","060514_1",20140605,20140616,"060514_1_4","CD1/mixed","Littermate","ICM",70,"64_90",67,23,"any","wt","any","wt","PRE",15,65.2173913043478
"060514_1","060514_1",20140605,20140616,"060514_1_4","CD1/mixed","Littermate","ICM",70,"64_90",67,23,"any","wt","any","wt","DP",2,8.69565217391304
"060514_1","060514_1",20140605,20140616,"060514_1_4","CD1/mixed","Littermate","ICM",70,"64_90",67,23,"any","wt","any","wt","EPI",5,21.7391304347826
"060514_1","060514_1",20140605,20140616,"060514_1_4","CD1/mixed","Littermate","ICM",70,"64_90",67,23,"any","wt","any","wt","DN",1,4.34782608695652
"060514_1","060514_1",20140605,20140616,"060514_1_4","CD1/mixed","Littermate","TE",70,"64_90",67,23,"any","wt","any","wt","TE",47,204.347826086957
"060915_R3","060915_R3",20150609,20150618,"060915_R3_LM1","CD1/mixed","Littermate","ICM",76,"64_90",90,27,"any","wt","any","wt","PRE",1,3.7037037037037
"060915_R3","060915_R3",20150609,20150618,"060915_R3_LM1","CD1/mixed","Littermate","ICM",76,"64_90",90,27,"any","wt","any","wt","DP",26,96.2962962962963
"060915_R3","060915_R3",20150609,20150618,"060915_R3_LM1","CD1/mixed","Littermate","TE",76,"64_90",90,27,"any","wt","any","wt","TE",49,181.481481481481
"060915_R3","060915_R3",20150609,20150618,"060915_R3_LM2","CD1/mixed","Littermate","ICM",90,"90_120",90,23,"any","wt","any","wt","PRE",5,21.7391304347826
"060915_R3","060915_R3",20150609,20150618,"060915_R3_LM2","CD1/mixed","Littermate","ICM",90,"90_120",90,23,"any","wt","any","wt","DP",18,78.2608695652174
"060915_R3","060915_R3",20150609,20150618,"060915_R3_LM2","CD1/mixed","Littermate","TE",90,"90_120",90,23,"any","wt","any","wt","TE",67,291.304347826087
"060915_R4","060915_R4",20150609,20150617,"060915_R4_LM1","CD1/mixed","Littermate","ICM",89,"64_90",114,29,"any","wt","any","wt","PRE",18,62.0689655172414
"060915_R4","060915_R4",20150609,20150617,"060915_R4_LM1","CD1/mixed","Littermate","ICM",89,"64_90",114,29,"any","wt","any","wt","DP",3,10.3448275862069
"060915_R4","060915_R4",20150609,20150617,"060915_R4_LM1","CD1/mixed","Littermate","ICM",89,"64_90",114,29,"any","wt","any","wt","EPI",8,27.5862068965517
"060915_R4","060915_R4",20150609,20150617,"060915_R4_LM1","CD1/mixed","Littermate","TE",89,"64_90",114,29,"any","wt","any","wt","TE",60,206.896551724138
"060915_R4","060915_R4",20150609,20150617,"060915_R4_LM2","CD1/mixed","Littermate","ICM",114,"90_120",114,31,"any","wt","any","wt","PRE",14,45.1612903225806
"060915_R4","060915_R4",20150609,20150617,"060915_R4_LM2","CD1/mixed","Littermate","ICM",114,"90_120",114,31,"any","wt","any","wt","DP",1,3.2258064516129
"060915_R4","060915_R4",20150609,20150617,"060915_R4_LM2","CD1/mixed","Littermate","ICM",114,"90_120",114,31,"any","wt","any","wt","EPI",16,51.6129032258064
"060915_R4","060915_R4",20150609,20150617,"060915_R4_LM2","CD1/mixed","Littermate","TE",114,"90_120",114,31,"any","wt","any","wt","TE",83,267.741935483871
"061014_1","061014_1",20140610,20140618,"061014_1_1","CD1/mixed","Littermate","ICM",33,"32_64",46,14,"any","wt","any","wt","PRE",1,7.14285714285714
"061014_1","061014_1",20140610,20140618,"061014_1_1","CD1/mixed","Littermate","ICM",33,"32_64",46,14,"any","wt","any","wt","DP",13,92.8571428571429
"061014_1","061014_1",20140610,20140618,"061014_1_1","CD1/mixed","Littermate","TE",33,"32_64",46,14,"any","wt","any","wt","TE",19,135.714285714286
"061014_1","061014_1",20140610,20140618,"061014_1_2","CD1/mixed","Littermate","ICM",46,"32_64",46,15,"any","wt","any","wt","PRE",1,6.66666666666667
"061014_1","061014_1",20140610,20140618,"061014_1_2","CD1/mixed","Littermate","ICM",46,"32_64",46,15,"any","wt","any","wt","DP",14,93.3333333333333
"061014_1","061014_1",20140610,20140618,"061014_1_2","CD1/mixed","Littermate","TE",46,"32_64",46,15,"any","wt","any","wt","TE",31,206.666666666667
"061014_1","061014_1",20140610,20140618,"061014_1_3","CD1/mixed","Littermate","ICM",63,"32_64",46,29,"any","wt","any","wt","PRE",2,6.89655172413793
"061014_1","061014_1",20140610,20140618,"061014_1_3","CD1/mixed","Littermate","ICM",63,"32_64",46,29,"any","wt","any","wt","DP",24,82.7586206896552
"061014_1","061014_1",20140610,20140618,"061014_1_3","CD1/mixed","Littermate","ICM",63,"32_64",46,29,"any","wt","any","wt","EPI",2,6.89655172413793
"061014_1","061014_1",20140610,20140618,"061014_1_3","CD1/mixed","Littermate","ICM",63,"32_64",46,29,"any","wt","any","wt","DN",1,3.44827586206897
"061014_1","061014_1",20140610,20140618,"061014_1_3","CD1/mixed","Littermate","TE",63,"32_64",46,29,"any","wt","any","wt","TE",34,117.241379310345
"061014_2","061014_2",20140610,20140624,"061014_2_1","CD1/mixed","Littermate","ICM",112,"90_120",102,42,"any","wt","any","wt","PRE",20,47.6190476190476
"061014_2","061014_2",20140610,20140624,"061014_2_1","CD1/mixed","Littermate","ICM",112,"90_120",102,42,"any","wt","any","wt","EPI",22,52.3809523809524
"061014_2","061014_2",20140610,20140624,"061014_2_1","CD1/mixed","Littermate","TE",112,"90_120",102,42,"any","wt","any","wt","TE",70,166.666666666667
"061014_2","061014_2",20140610,20140624,"061014_2_2","CD1/mixed","Littermate","ICM",93,"90_120",102,32,"any","wt","any","wt","PRE",11,34.375
"061014_2","061014_2",20140610,20140624,"061014_2_2","CD1/mixed","Littermate","ICM",93,"90_120",102,32,"any","wt","any","wt","DP",14,43.75
"061014_2","061014_2",20140610,20140624,"061014_2_2","CD1/mixed","Littermate","ICM",93,"90_120",102,32,"any","wt","any","wt","EPI",7,21.875
"061014_2","061014_2",20140610,20140624,"061014_2_2","CD1/mixed","Littermate","TE",93,"90_120",102,32,"any","wt","any","wt","TE",61,190.625
"061014_2","061014_2",20140610,20140624,"061014_2_3","CD1/mixed","Littermate","ICM",102,"90_120",102,42,"any","wt","any","wt","PRE",20,47.6190476190476
"061014_2","061014_2",20140610,20140624,"061014_2_3","CD1/mixed","Littermate","ICM",102,"90_120",102,42,"any","wt","any","wt","DP",13,30.952380952381
"061014_2","061014_2",20140610,20140624,"061014_2_3","CD1/mixed","Littermate","ICM",102,"90_120",102,42,"any","wt","any","wt","EPI",9,21.4285714285714
"061014_2","061014_2",20140610,20140624,"061014_2_3","CD1/mixed","Littermate","TE",102,"90_120",102,42,"any","wt","any","wt","TE",60,142.857142857143
"061014_2","061014_2",20140610,20140624,"061014_2_4","CD1/mixed","Littermate","ICM",66,"64_90",102,18,"any","wt","any","wt","PRE",9,50
"061014_2","061014_2",20140610,20140624,"061014_2_4","CD1/mixed","Littermate","ICM",66,"64_90",102,18,"any","wt","any","wt","DP",1,5.55555555555556
"061014_2","061014_2",20140610,20140624,"061014_2_4","CD1/mixed","Littermate","ICM",66,"64_90",102,18,"any","wt","any","wt","EPI",8,44.4444444444444
"061014_2","061014_2",20140610,20140624,"061014_2_4","CD1/mixed","Littermate","TE",66,"64_90",102,18,"any","wt","any","wt","TE",48,266.666666666667
"061014_2","061014_2",20140610,20140624,"061014_2_5","CD1/mixed","Littermate","ICM",111,"90_120",102,40,"any","wt","any","wt","PRE",16,40
"061014_2","061014_2",20140610,20140624,"061014_2_5","CD1/mixed","Littermate","ICM",111,"90_120",102,40,"any","wt","any","wt","DP",10,25
"061014_2","061014_2",20140610,20140624,"061014_2_5","CD1/mixed","Littermate","ICM",111,"90_120",102,40,"any","wt","any","wt","EPI",11,27.5
"061014_2","061014_2",20140610,20140624,"061014_2_5","CD1/mixed","Littermate","ICM",111,"90_120",102,40,"any","wt","any","wt","DN",3,7.5
"061014_2","061014_2",20140610,20140624,"061014_2_5","CD1/mixed","Littermate","TE",111,"90_120",102,40,"any","wt","any","wt","TE",71,177.5
"061014_3","061014_3",20140610,20140708,"061014_3_1","CD1/mixed","Littermate","ICM",38,"32_64",51,9,"any","wt","any","wt","DP",7,77.7777777777778
"061014_3","061014_3",20140610,20140708,"061014_3_1","CD1/mixed","Littermate","ICM",38,"32_64",51,9,"any","wt","any","wt","EPI",2,22.2222222222222
"061014_3","061014_3",20140610,20140708,"061014_3_1","CD1/mixed","Littermate","TE",38,"32_64",51,9,"any","wt","any","wt","TE",29,322.222222222222
"061014_3","061014_3",20140610,20140708,"061014_3_10","CD1/mixed","Littermate","ICM",65,"64_90",51,29,"any","wt","any","wt","PRE",8,27.5862068965517
"061014_3","061014_3",20140610,20140708,"061014_3_10","CD1/mixed","Littermate","ICM",65,"64_90",51,29,"any","wt","any","wt","DP",17,58.6206896551724
"061014_3","061014_3",20140610,20140708,"061014_3_10","CD1/mixed","Littermate","ICM",65,"64_90",51,29,"any","wt","any","wt","EPI",4,13.7931034482759
"061014_3","061014_3",20140610,20140708,"061014_3_10","CD1/mixed","Littermate","TE",65,"64_90",51,29,"any","wt","any","wt","TE",36,124.137931034483
"061014_3","061014_3",20140610,20140708,"061014_3_2","CD1/mixed","Littermate","ICM",47,"32_64",51,15,"any","wt","any","wt","DP",14,93.3333333333333
"061014_3","061014_3",20140610,20140708,"061014_3_2","CD1/mixed","Littermate","ICM",47,"32_64",51,15,"any","wt","any","wt","DN",1,6.66666666666667
"061014_3","061014_3",20140610,20140708,"061014_3_2","CD1/mixed","Littermate","TE",47,"32_64",51,15,"any","wt","any","wt","TE",32,213.333333333333
"061014_3","061014_3",20140610,20140708,"061014_3_3","CD1/mixed","Littermate","ICM",64,"64_90",51,28,"any","wt","any","wt","PRE",9,32.1428571428571
"061014_3","061014_3",20140610,20140708,"061014_3_3","CD1/mixed","Littermate","ICM",64,"64_90",51,28,"any","wt","any","wt","DP",18,64.2857142857143
"061014_3","061014_3",20140610,20140708,"061014_3_3","CD1/mixed","Littermate","ICM",64,"64_90",51,28,"any","wt","any","wt","DN",1,3.57142857142857
"061014_3","061014_3",20140610,20140708,"061014_3_3","CD1/mixed","Littermate","TE",64,"64_90",51,28,"any","wt","any","wt","TE",36,128.571428571429
"061014_3","061014_3",20140610,20140708,"061014_3_4","CD1/mixed","Littermate","ICM",51,"32_64",51,22,"any","wt","any","wt","PRE",2,9.09090909090909
"061014_3","061014_3",20140610,20140708,"061014_3_4","CD1/mixed","Littermate","ICM",51,"32_64",51,22,"any","wt","any","wt","DP",13,59.0909090909091
"061014_3","061014_3",20140610,20140708,"061014_3_4","CD1/mixed","Littermate","ICM",51,"32_64",51,22,"any","wt","any","wt","EPI",6,27.2727272727273
"061014_3","061014_3",20140610,20140708,"061014_3_4","CD1/mixed","Littermate","ICM",51,"32_64",51,22,"any","wt","any","wt","DN",1,4.54545454545455
"061014_3","061014_3",20140610,20140708,"061014_3_4","CD1/mixed","Littermate","TE",51,"32_64",51,22,"any","wt","any","wt","TE",29,131.818181818182
"061014_3","061014_3",20140610,20140708,"061014_3_5","CD1/mixed","Littermate","ICM",40,"32_64",51,12,"any","wt","any","wt","PRE",5,41.6666666666667
"061014_3","061014_3",20140610,20140708,"061014_3_5","CD1/mixed","Littermate","ICM",40,"32_64",51,12,"any","wt","any","wt","DP",6,50
"061014_3","061014_3",20140610,20140708,"061014_3_5","CD1/mixed","Littermate","ICM",40,"32_64",51,12,"any","wt","any","wt","DN",1,8.33333333333333
"061014_3","061014_3",20140610,20140708,"061014_3_5","CD1/mixed","Littermate","TE",40,"32_64",51,12,"any","wt","any","wt","TE",28,233.333333333333
"061014_3","061014_3",20140610,20140708,"061014_3_6","CD1/mixed","Littermate","ICM",32,"32_64",51,12,"any","wt","any","wt","PRE",7,58.3333333333333
"061014_3","061014_3",20140610,20140708,"061014_3_6","CD1/mixed","Littermate","ICM",32,"32_64",51,12,"any","wt","any","wt","DP",1,8.33333333333333
"061014_3","061014_3",20140610,20140708,"061014_3_6","CD1/mixed","Littermate","ICM",32,"32_64",51,12,"any","wt","any","wt","EPI",1,8.33333333333333
"061014_3","061014_3",20140610,20140708,"061014_3_6","CD1/mixed","Littermate","ICM",32,"32_64",51,12,"any","wt","any","wt","DN",3,25
"061014_3","061014_3",20140610,20140708,"061014_3_6","CD1/mixed","Littermate","TE",32,"32_64",51,12,"any","wt","any","wt","TE",20,166.666666666667
"061014_3","061014_3",20140610,20140708,"061014_3_7","CD1/mixed","Littermate","ICM",58,"32_64",51,24,"any","wt","any","wt","PRE",7,29.1666666666667
"061014_3","061014_3",20140610,20140708,"061014_3_7","CD1/mixed","Littermate","ICM",58,"32_64",51,24,"any","wt","any","wt","DP",10,41.6666666666667
"061014_3","061014_3",20140610,20140708,"061014_3_7","CD1/mixed","Littermate","ICM",58,"32_64",51,24,"any","wt","any","wt","EPI",6,25
"061014_3","061014_3",20140610,20140708,"061014_3_7","CD1/mixed","Littermate","ICM",58,"32_64",51,24,"any","wt","any","wt","DN",1,4.16666666666667
"061014_3","061014_3",20140610,20140708,"061014_3_7","CD1/mixed","Littermate","TE",58,"32_64",51,24,"any","wt","any","wt","TE",34,141.666666666667
"061014_3","061014_3",20140610,20140708,"061014_3_8","CD1/mixed","Littermate","ICM",64,"64_90",51,30,"any","wt","any","wt","PRE",15,50
"061014_3","061014_3",20140610,20140708,"061014_3_8","CD1/mixed","Littermate","ICM",64,"64_90",51,30,"any","wt","any","wt","DP",4,13.3333333333333
"061014_3","061014_3",20140610,20140708,"061014_3_8","CD1/mixed","Littermate","ICM",64,"64_90",51,30,"any","wt","any","wt","EPI",11,36.6666666666667
"061014_3","061014_3",20140610,20140708,"061014_3_8","CD1/mixed","Littermate","TE",64,"64_90",51,30,"any","wt","any","wt","TE",34,113.333333333333
"061014_3","061014_3",20140610,20140708,"061014_3_9","CD1/mixed","Littermate","ICM",44,"32_64",51,15,"any","wt","any","wt","PRE",4,26.6666666666667
"061014_3","061014_3",20140610,20140708,"061014_3_9","CD1/mixed","Littermate","ICM",44,"32_64",51,15,"any","wt","any","wt","DP",10,66.6666666666667
"061014_3","061014_3",20140610,20140708,"061014_3_9","CD1/mixed","Littermate","ICM",44,"32_64",51,15,"any","wt","any","wt","EPI",1,6.66666666666667
"061014_3","061014_3",20140610,20140708,"061014_3_9","CD1/mixed","Littermate","TE",44,"32_64",51,15,"any","wt","any","wt","TE",29,193.333333333333
"061014_4","061014_4",20140610,20140707,"061014_4_1","CD1/mixed","Littermate","ICM",114,"90_120",112,43,"any","wt","any","wt","PRE",25,58.1395348837209
"061014_4","061014_4",20140610,20140707,"061014_4_1","CD1/mixed","Littermate","ICM",114,"90_120",112,43,"any","wt","any","wt","EPI",15,34.8837209302326
"061014_4","061014_4",20140610,20140707,"061014_4_1","CD1/mixed","Littermate","ICM",114,"90_120",112,43,"any","wt","any","wt","DN",3,6.97674418604651
"061014_4","061014_4",20140610,20140707,"061014_4_1","CD1/mixed","Littermate","TE",114,"90_120",112,43,"any","wt","any","wt","TE",71,165.116279069767
"061014_4","061014_4",20140610,20140707,"061014_4_2","CD1/mixed","Littermate","ICM",103,"90_120",112,40,"any","wt","any","wt","PRE",27,67.5
"061014_4","061014_4",20140610,20140707,"061014_4_2","CD1/mixed","Littermate","ICM",103,"90_120",112,40,"any","wt","any","wt","EPI",13,32.5
"061014_4","061014_4",20140610,20140707,"061014_4_2","CD1/mixed","Littermate","TE",103,"90_120",112,40,"any","wt","any","wt","TE",63,157.5
"061014_4","061014_4",20140610,20140707,"061014_4_3","CD1/mixed","Littermate","ICM",124,"120_150",112,42,"any","wt","any","wt","PRE",20,47.6190476190476
"061014_4","061014_4",20140610,20140707,"061014_4_3","CD1/mixed","Littermate","ICM",124,"120_150",112,42,"any","wt","any","wt","DP",1,2.38095238095238
"061014_4","061014_4",20140610,20140707,"061014_4_3","CD1/mixed","Littermate","ICM",124,"120_150",112,42,"any","wt","any","wt","EPI",21,50
"061014_4","061014_4",20140610,20140707,"061014_4_3","CD1/mixed","Littermate","TE",124,"120_150",112,42,"any","wt","any","wt","TE",82,195.238095238095
"061014_4","061014_4",20140610,20140707,"061014_4_4","CD1/mixed","Littermate","ICM",112,"90_120",112,46,"any","wt","any","wt","PRE",23,50
"061014_4","061014_4",20140610,20140707,"061014_4_4","CD1/mixed","Littermate","ICM",112,"90_120",112,46,"any","wt","any","wt","DP",1,2.17391304347826
"061014_4","061014_4",20140610,20140707,"061014_4_4","CD1/mixed","Littermate","ICM",112,"90_120",112,46,"any","wt","any","wt","EPI",22,47.8260869565217
"061014_4","061014_4",20140610,20140707,"061014_4_4","CD1/mixed","Littermate","TE",112,"90_120",112,46,"any","wt","any","wt","TE",66,143.478260869565
"061014_4","061014_4",20140610,20140707,"061014_4_5","CD1/mixed","Littermate","ICM",109,"90_120",112,39,"any","wt","any","wt","PRE",23,58.974358974359
"061014_4","061014_4",20140610,20140707,"061014_4_5","CD1/mixed","Littermate","ICM",109,"90_120",112,39,"any","wt","any","wt","EPI",15,38.4615384615385
"061014_4","061014_4",20140610,20140707,"061014_4_5","CD1/mixed","Littermate","ICM",109,"90_120",112,39,"any","wt","any","wt","DN",1,2.56410256410256
"061014_4","061014_4",20140610,20140707,"061014_4_5","CD1/mixed","Littermate","TE",109,"90_120",112,39,"any","wt","any","wt","TE",70,179.48717948718
"061014_4","061014_4",20140610,20140707,"061014_4_6","CD1/mixed","Littermate","ICM",108,"90_120",112,39,"any","wt","any","wt","PRE",21,53.8461538461538
"061014_4","061014_4",20140610,20140707,"061014_4_6","CD1/mixed","Littermate","ICM",108,"90_120",112,39,"any","wt","any","wt","EPI",18,46.1538461538462
"061014_4","061014_4",20140610,20140707,"061014_4_6","CD1/mixed","Littermate","TE",108,"90_120",112,39,"any","wt","any","wt","TE",69,176.923076923077
"061014_5","061014_5",20140610,20140709,"061014_5_1","CD1/mixed","Littermate","ICM",114,"90_120",99,43,"any","wt","any","wt","PRE",26,60.4651162790698
"061014_5","061014_5",20140610,20140709,"061014_5_1","CD1/mixed","Littermate","ICM",114,"90_120",99,43,"any","wt","any","wt","EPI",17,39.5348837209302
"061014_5","061014_5",20140610,20140709,"061014_5_1","CD1/mixed","Littermate","TE",114,"90_120",99,43,"any","wt","any","wt","TE",71,165.116279069767
"061014_5","061014_5",20140610,20140709,"061014_5_10","CD1/mixed","Littermate","ICM",116,"90_120",99,41,"any","wt","any","wt","PRE",20,48.780487804878
"061014_5","061014_5",20140610,20140709,"061014_5_10","CD1/mixed","Littermate","ICM",116,"90_120",99,41,"any","wt","any","wt","EPI",21,51.219512195122
"061014_5","061014_5",20140610,20140709,"061014_5_10","CD1/mixed","Littermate","TE",116,"90_120",99,41,"any","wt","any","wt","TE",75,182.926829268293
"061014_5","061014_5",20140610,20140709,"061014_5_11","CD1/mixed","Littermate","ICM",92,"90_120",99,27,"any","wt","any","wt","PRE",18,66.6666666666667
"061014_5","061014_5",20140610,20140709,"061014_5_11","CD1/mixed","Littermate","ICM",92,"90_120",99,27,"any","wt","any","wt","EPI",9,33.3333333333333
"061014_5","061014_5",20140610,20140709,"061014_5_11","CD1/mixed","Littermate","TE",92,"90_120",99,27,"any","wt","any","wt","TE",65,240.740740740741
"061014_5","061014_5",20140610,20140709,"061014_5_2","CD1/mixed","Littermate","ICM",99,"90_120",99,29,"any","wt","any","wt","PRE",20,68.9655172413793
"061014_5","061014_5",20140610,20140709,"061014_5_2","CD1/mixed","Littermate","ICM",99,"90_120",99,29,"any","wt","any","wt","EPI",8,27.5862068965517
"061014_5","061014_5",20140610,20140709,"061014_5_2","CD1/mixed","Littermate","ICM",99,"90_120",99,29,"any","wt","any","wt","EPI.lo",1,3.44827586206897
"061014_5","061014_5",20140610,20140709,"061014_5_2","CD1/mixed","Littermate","TE",99,"90_120",99,29,"any","wt","any","wt","TE",70,241.379310344828
"061014_5","061014_5",20140610,20140709,"061014_5_3","CD1/mixed","Littermate","ICM",112,"90_120",99,37,"any","wt","any","wt","PRE",22,59.4594594594595
"061014_5","061014_5",20140610,20140709,"061014_5_3","CD1/mixed","Littermate","ICM",112,"90_120",99,37,"any","wt","any","wt","EPI",13,35.1351351351351
"061014_5","061014_5",20140610,20140709,"061014_5_3","CD1/mixed","Littermate","ICM",112,"90_120",99,37,"any","wt","any","wt","DN",2,5.40540540540541
"061014_5","061014_5",20140610,20140709,"061014_5_3","CD1/mixed","Littermate","TE",112,"90_120",99,37,"any","wt","any","wt","TE",75,202.702702702703
"061014_5","061014_5",20140610,20140709,"061014_5_4","CD1/mixed","Littermate","ICM",88,"64_90",99,25,"any","wt","any","wt","PRE",15,60
"061014_5","061014_5",20140610,20140709,"061014_5_4","CD1/mixed","Littermate","ICM",88,"64_90",99,25,"any","wt","any","wt","DP",1,4
"061014_5","061014_5",20140610,20140709,"061014_5_4","CD1/mixed","Littermate","ICM",88,"64_90",99,25,"any","wt","any","wt","EPI",8,32
"061014_5","061014_5",20140610,20140709,"061014_5_4","CD1/mixed","Littermate","ICM",88,"64_90",99,25,"any","wt","any","wt","DN",1,4
"061014_5","061014_5",20140610,20140709,"061014_5_4","CD1/mixed","Littermate","TE",88,"64_90",99,25,"any","wt","any","wt","TE",63,252
"061014_5","061014_5",20140610,20140709,"061014_5_5","CD1/mixed","Littermate","ICM",90,"90_120",99,41,"any","wt","any","wt","PRE",24,58.5365853658537
"061014_5","061014_5",20140610,20140709,"061014_5_5","CD1/mixed","Littermate","ICM",90,"90_120",99,41,"any","wt","any","wt","EPI",12,29.2682926829268
"061014_5","061014_5",20140610,20140709,"061014_5_5","CD1/mixed","Littermate","ICM",90,"90_120",99,41,"any","wt","any","wt","EPI.lo",1,2.4390243902439
"061014_5","061014_5",20140610,20140709,"061014_5_5","CD1/mixed","Littermate","ICM",90,"90_120",99,41,"any","wt","any","wt","DN",4,9.75609756097561
"061014_5","061014_5",20140610,20140709,"061014_5_5","CD1/mixed","Littermate","TE",90,"90_120",99,41,"any","wt","any","wt","TE",49,119.512195121951
"061014_5","061014_5",20140610,20140709,"061014_5_6","CD1/mixed","Littermate","ICM",78,"64_90",99,41,"any","wt","any","wt","PRE",26,63.4146341463415
"061014_5","061014_5",20140610,20140709,"061014_5_6","CD1/mixed","Littermate","ICM",78,"64_90",99,41,"any","wt","any","wt","EPI",3,7.31707317073171
"061014_5","061014_5",20140610,20140709,"061014_5_6","CD1/mixed","Littermate","ICM",78,"64_90",99,41,"any","wt","any","wt","DN",12,29.2682926829268
"061014_5","061014_5",20140610,20140709,"061014_5_6","CD1/mixed","Littermate","TE",78,"64_90",99,41,"any","wt","any","wt","TE",37,90.2439024390244
"061014_5","061014_5",20140610,20140709,"061014_5_7","CD1/mixed","Littermate","ICM",100,"90_120",99,30,"any","wt","any","wt","PRE",15,50
"061014_5","061014_5",20140610,20140709,"061014_5_7","CD1/mixed","Littermate","ICM",100,"90_120",99,30,"any","wt","any","wt","DP",2,6.66666666666667
"061014_5","061014_5",20140610,20140709,"061014_5_7","CD1/mixed","Littermate","ICM",100,"90_120",99,30,"any","wt","any","wt","EPI",9,30
"061014_5","061014_5",20140610,20140709,"061014_5_7","CD1/mixed","Littermate","ICM",100,"90_120",99,30,"any","wt","any","wt","DN",4,13.3333333333333
"061014_5","061014_5",20140610,20140709,"061014_5_7","CD1/mixed","Littermate","TE",100,"90_120",99,30,"any","wt","any","wt","TE",70,233.333333333333
"061014_5","061014_5",20140610,20140709,"061014_5_8","CD1/mixed","Littermate","ICM",94,"90_120",99,35,"any","wt","any","wt","PRE",16,45.7142857142857
"061014_5","061014_5",20140610,20140709,"061014_5_8","CD1/mixed","Littermate","ICM",94,"90_120",99,35,"any","wt","any","wt","EPI",18,51.4285714285714
"061014_5","061014_5",20140610,20140709,"061014_5_8","CD1/mixed","Littermate","ICM",94,"90_120",99,35,"any","wt","any","wt","DN",1,2.85714285714286
"061014_5","061014_5",20140610,20140709,"061014_5_8","CD1/mixed","Littermate","TE",94,"90_120",99,35,"any","wt","any","wt","TE",59,168.571428571429
"061014_5","061014_5",20140610,20140709,"061014_5_9","CD1/mixed","Littermate","ICM",94,"90_120",99,29,"any","wt","any","wt","PRE",14,48.2758620689655
"061014_5","061014_5",20140610,20140709,"061014_5_9","CD1/mixed","Littermate","ICM",94,"90_120",99,29,"any","wt","any","wt","DP",2,6.89655172413793
"061014_5","061014_5",20140610,20140709,"061014_5_9","CD1/mixed","Littermate","ICM",94,"90_120",99,29,"any","wt","any","wt","EPI",12,41.3793103448276
"061014_5","061014_5",20140610,20140709,"061014_5_9","CD1/mixed","Littermate","ICM",94,"90_120",99,29,"any","wt","any","wt","EPI.lo",1,3.44827586206897
"061014_5","061014_5",20140610,20140709,"061014_5_9","CD1/mixed","Littermate","TE",94,"90_120",99,29,"any","wt","any","wt","TE",65,224.137931034483
"071114_1","071114_1",20140711,20140716,"071114_1_1","CD1/mixed","Littermate","ICM",61,"32_64",64,20,"any","wt","any","wt","PRE",6,30
"071114_1","071114_1",20140711,20140716,"071114_1_1","CD1/mixed","Littermate","ICM",61,"32_64",64,20,"any","wt","any","wt","DP",11,55
"071114_1","071114_1",20140711,20140716,"071114_1_1","CD1/mixed","Littermate","ICM",61,"32_64",64,20,"any","wt","any","wt","EPI",3,15
"071114_1","071114_1",20140711,20140716,"071114_1_1","CD1/mixed","Littermate","TE",61,"32_64",64,20,"any","wt","any","wt","TE",41,205
"071114_1","071114_1",20140711,20140716,"071114_1_2","CD1/mixed","Littermate","ICM",68,"64_90",64,28,"any","wt","any","wt","PRE",13,46.4285714285714
"071114_1","071114_1",20140711,20140716,"071114_1_2","CD1/mixed","Littermate","ICM",68,"64_90",64,28,"any","wt","any","wt","DP",12,42.8571428571429
"071114_1","071114_1",20140711,20140716,"071114_1_2","CD1/mixed","Littermate","ICM",68,"64_90",64,28,"any","wt","any","wt","EPI",3,10.7142857142857
"071114_1","071114_1",20140711,20140716,"071114_1_2","CD1/mixed","Littermate","TE",68,"64_90",64,28,"any","wt","any","wt","TE",40,142.857142857143
"071114_1","071114_1",20140711,20140716,"071114_1_3","CD1/mixed","Littermate","ICM",69,"64_90",64,33,"any","wt","any","wt","PRE",10,30.3030303030303
"071114_1","071114_1",20140711,20140716,"071114_1_3","CD1/mixed","Littermate","ICM",69,"64_90",64,33,"any","wt","any","wt","DP",18,54.5454545454545
"071114_1","071114_1",20140711,20140716,"071114_1_3","CD1/mixed","Littermate","ICM",69,"64_90",64,33,"any","wt","any","wt","EPI",5,15.1515151515152
"071114_1","071114_1",20140711,20140716,"071114_1_3","CD1/mixed","Littermate","TE",69,"64_90",64,33,"any","wt","any","wt","TE",36,109.090909090909
"071114_1","071114_1",20140711,20140716,"071114_1_4","CD1/mixed","Littermate","ICM",64,"64_90",64,19,"any","wt","any","wt","PRE",10,52.6315789473684
"071114_1","071114_1",20140711,20140716,"071114_1_4","CD1/mixed","Littermate","ICM",64,"64_90",64,19,"any","wt","any","wt","DP",6,31.5789473684211
"071114_1","071114_1",20140711,20140716,"071114_1_4","CD1/mixed","Littermate","ICM",64,"64_90",64,19,"any","wt","any","wt","EPI",2,10.5263157894737
"071114_1","071114_1",20140711,20140716,"071114_1_4","CD1/mixed","Littermate","ICM",64,"64_90",64,19,"any","wt","any","wt","DN",1,5.26315789473684
"071114_1","071114_1",20140711,20140716,"071114_1_4","CD1/mixed","Littermate","TE",64,"64_90",64,19,"any","wt","any","wt","TE",45,236.842105263158
"071114_1","071114_1",20140711,20140716,"071114_1_5","CD1/mixed","Littermate","ICM",56,"32_64",64,23,"any","wt","any","wt","PRE",4,17.3913043478261
"071114_1","071114_1",20140711,20140716,"071114_1_5","CD1/mixed","Littermate","ICM",56,"32_64",64,23,"any","wt","any","wt","DP",16,69.5652173913043
"071114_1","071114_1",20140711,20140716,"071114_1_5","CD1/mixed","Littermate","ICM",56,"32_64",64,23,"any","wt","any","wt","EPI",2,8.69565217391304
"071114_1","071114_1",20140711,20140716,"071114_1_5","CD1/mixed","Littermate","ICM",56,"32_64",64,23,"any","wt","any","wt","DN",1,4.34782608695652
"071114_1","071114_1",20140711,20140716,"071114_1_5","CD1/mixed","Littermate","TE",56,"32_64",64,23,"any","wt","any","wt","TE",33,143.478260869565
"071114_1","071114_1",20140711,20140716,"071114_1_6","CD1/mixed","Littermate","ICM",47,"32_64",64,13,"any","wt","any","wt","PRE",7,53.8461538461538
"071114_1","071114_1",20140711,20140716,"071114_1_6","CD1/mixed","Littermate","ICM",47,"32_64",64,13,"any","wt","any","wt","DP",5,38.4615384615385
"071114_1","071114_1",20140711,20140716,"071114_1_6","CD1/mixed","Littermate","ICM",47,"32_64",64,13,"any","wt","any","wt","DN",1,7.69230769230769
"071114_1","071114_1",20140711,20140716,"071114_1_6","CD1/mixed","Littermate","TE",47,"32_64",64,13,"any","wt","any","wt","TE",34,261.538461538462
"071914_R3L","071914_R3L",20140719,20140730,"071914_R3L_LM1","CD1/mixed","Littermate","ICM",81,"64_90",64,26,"any","wt","any","wt","PRE",2,7.69230769230769
"071914_R3L","071914_R3L",20140719,20140730,"071914_R3L_LM1","CD1/mixed","Littermate","ICM",81,"64_90",64,26,"any","wt","any","wt","DP",23,88.4615384615385
"071914_R3L","071914_R3L",20140719,20140730,"071914_R3L_LM1","CD1/mixed","Littermate","ICM",81,"64_90",64,26,"any","wt","any","wt","EPI",1,3.84615384615385
"071914_R3L","071914_R3L",20140719,20140730,"071914_R3L_LM1","CD1/mixed","Littermate","TE",81,"64_90",64,26,"any","wt","any","wt","TE",55,211.538461538462
"071914_R3L","071914_R3L",20140719,20140730,"071914_R3L_LM2","CD1/mixed","Littermate","ICM",60,"32_64",64,20,"any","wt","any","wt","PRE",3,15
"071914_R3L","071914_R3L",20140719,20140730,"071914_R3L_LM2","CD1/mixed","Littermate","ICM",60,"32_64",64,20,"any","wt","any","wt","DP",12,60
"071914_R3L","071914_R3L",20140719,20140730,"071914_R3L_LM2","CD1/mixed","Littermate","ICM",60,"32_64",64,20,"any","wt","any","wt","EPI",4,20
"071914_R3L","071914_R3L",20140719,20140730,"071914_R3L_LM2","CD1/mixed","Littermate","ICM",60,"32_64",64,20,"any","wt","any","wt","DN",1,5
"071914_R3L","071914_R3L",20140719,20140730,"071914_R3L_LM2","CD1/mixed","Littermate","TE",60,"32_64",64,20,"any","wt","any","wt","TE",40,200
"071914_R3L","071914_R3L",20140719,20140730,"071914_R3L_LM3","CD1/mixed","Littermate","ICM",64,"64_90",64,23,"any","wt","any","wt","PRE",2,8.69565217391304
"071914_R3L","071914_R3L",20140719,20140730,"071914_R3L_LM3","CD1/mixed","Littermate","ICM",64,"64_90",64,23,"any","wt","any","wt","DP",19,82.6086956521739
"071914_R3L","071914_R3L",20140719,20140730,"071914_R3L_LM3","CD1/mixed","Littermate","ICM",64,"64_90",64,23,"any","wt","any","wt","EPI",2,8.69565217391304
"071914_R3L","071914_R3L",20140719,20140730,"071914_R3L_LM3","CD1/mixed","Littermate","TE",64,"64_90",64,23,"any","wt","any","wt","TE",41,178.260869565217
"072814_R3F","072814_R3F",20140728,20140813,"072814_R3F_LM1","CD1/mixed","Littermate","ICM",33,"32_64",33,15,"any","wt","any","wt","DP",2,13.3333333333333
"072814_R3F","072814_R3F",20140728,20140813,"072814_R3F_LM1","CD1/mixed","Littermate","ICM",33,"32_64",33,15,"any","wt","any","wt","EPI",13,86.6666666666667
"072814_R3F","072814_R3F",20140728,20140813,"072814_R3F_LM1","CD1/mixed","Littermate","TE",33,"32_64",33,15,"any","wt","any","wt","TE",18,120
"072814_R3F","072814_R3F",20140728,20140813,"072814_R3F_LM2","CD1/mixed","Littermate","ICM",32,"32_64",33,16,"any","wt","any","wt","DP",1,6.25
"072814_R3F","072814_R3F",20140728,20140813,"072814_R3F_LM2","CD1/mixed","Littermate","ICM",32,"32_64",33,16,"any","wt","any","wt","EPI",15,93.75
"072814_R3F","072814_R3F",20140728,20140813,"072814_R3F_LM2","CD1/mixed","Littermate","TE",32,"32_64",33,16,"any","wt","any","wt","TE",16,100
"072814_R3P","072814_R3P",20140728,20140814,"072814_R3P_LM1","CD1/mixed","Littermate","ICM",61,"32_64",61,24,"any","wt","any","wt","PRE",2,8.33333333333333
"072814_R3P","072814_R3P",20140728,20140814,"072814_R3P_LM1","CD1/mixed","Littermate","ICM",61,"32_64",61,24,"any","wt","any","wt","DP",15,62.5
"072814_R3P","072814_R3P",20140728,20140814,"072814_R3P_LM1","CD1/mixed","Littermate","ICM",61,"32_64",61,24,"any","wt","any","wt","EPI",7,29.1666666666667
"072814_R3P","072814_R3P",20140728,20140814,"072814_R3P_LM1","CD1/mixed","Littermate","TE",61,"32_64",61,24,"any","wt","any","wt","TE",37,154.166666666667
"081715_R6","081715_R6",20150817,20150826,"081715_R6_LM1","CD1/mixed","Littermate","ICM",134,"120_150",134,41,"any","wt","any","wt","PRE",18,43.9024390243902
"081715_R6","081715_R6",20150817,20150826,"081715_R6_LM1","CD1/mixed","Littermate","ICM",134,"120_150",134,41,"any","wt","any","wt","DP",1,2.4390243902439
"081715_R6","081715_R6",20150817,20150826,"081715_R6_LM1","CD1/mixed","Littermate","ICM",134,"120_150",134,41,"any","wt","any","wt","EPI",22,53.6585365853659
"081715_R6","081715_R6",20150817,20150826,"081715_R6_LM1","CD1/mixed","Littermate","TE",134,"120_150",134,41,"any","wt","any","wt","TE",93,226.829268292683
"081715_R6","081715_R6",20150817,20150826,"081715_R6_LM2","CD1/mixed","Littermate","ICM",111,"90_120",134,35,"any","wt","any","wt","PRE",15,42.8571428571429
"081715_R6","081715_R6",20150817,20150826,"081715_R6_LM2","CD1/mixed","Littermate","ICM",111,"90_120",134,35,"any","wt","any","wt","EPI",19,54.2857142857143
"081715_R6","081715_R6",20150817,20150826,"081715_R6_LM2","CD1/mixed","Littermate","ICM",111,"90_120",134,35,"any","wt","any","wt","EPI.lo",1,2.85714285714286
"081715_R6","081715_R6",20150817,20150826,"081715_R6_LM2","CD1/mixed","Littermate","TE",111,"90_120",134,35,"any","wt","any","wt","TE",76,217.142857142857
"081815_R6a","081815_R6a",20150818,20150831,"081815_R6_LMa","CD1/mixed","Littermate","ICM",148,"120_150",148,45,"any","wt","any","wt","PRE",21,46.6666666666667
"081815_R6a","081815_R6a",20150818,20150831,"081815_R6_LMa","CD1/mixed","Littermate","ICM",148,"120_150",148,45,"any","wt","any","wt","EPI",24,53.3333333333333
"081815_R6a","081815_R6a",20150818,20150831,"081815_R6_LMa","CD1/mixed","Littermate","TE",148,"120_150",148,45,"any","wt","any","wt","TE",103,228.888888888889
"081815_R6b","081815_R6b",20150818,20150831,"081815_R6_LMb","CD1/mixed","Littermate","ICM",127,"120_150",127,39,"any","wt","any","wt","PRE",21,53.8461538461538
"081815_R6b","081815_R6b",20150818,20150831,"081815_R6_LMb","CD1/mixed","Littermate","ICM",127,"120_150",127,39,"any","wt","any","wt","EPI",18,46.1538461538462
"081815_R6b","081815_R6b",20150818,20150831,"081815_R6_LMb","CD1/mixed","Littermate","TE",127,"120_150",127,39,"any","wt","any","wt","TE",88,225.641025641026
"081815_R6c","081815_R6c",20150818,20150909,"081815_R6_LMc","CD1/mixed","Littermate","ICM",132,"120_150",132,38,"any","wt","any","wt","PRE",13,34.2105263157895
"081815_R6c","081815_R6c",20150818,20150909,"081815_R6_LMc","CD1/mixed","Littermate","ICM",132,"120_150",132,38,"any","wt","any","wt","DP",6,15.7894736842105
"081815_R6c","081815_R6c",20150818,20150909,"081815_R6_LMc","CD1/mixed","Littermate","ICM",132,"120_150",132,38,"any","wt","any","wt","EPI",19,50
"081815_R6c","081815_R6c",20150818,20150909,"081815_R6_LMc","CD1/mixed","Littermate","TE",132,"120_150",132,38,"any","wt","any","wt","TE",94,247.368421052632
"102214_R4","102214_R4",20141022,20141106,"102214_R4_LM1","CD1/mixed","Littermate","ICM",96,"90_120",100,37,"any","wt","any","wt","PRE",20,54.0540540540541
"102214_R4","102214_R4",20141022,20141106,"102214_R4_LM1","CD1/mixed","Littermate","ICM",96,"90_120",100,37,"any","wt","any","wt","DP",4,10.8108108108108
"102214_R4","102214_R4",20141022,20141106,"102214_R4_LM1","CD1/mixed","Littermate","ICM",96,"90_120",100,37,"any","wt","any","wt","EPI",13,35.1351351351351
"102214_R4","102214_R4",20141022,20141106,"102214_R4_LM1","CD1/mixed","Littermate","TE",96,"90_120",100,37,"any","wt","any","wt","TE",59,159.459459459459
"102214_R4","102214_R4",20141022,20141106,"102214_R4_LM2","CD1/mixed","Littermate","ICM",100,"90_120",100,38,"any","wt","any","wt","PRE",21,55.2631578947368
"102214_R4","102214_R4",20141022,20141106,"102214_R4_LM2","CD1/mixed","Littermate","ICM",100,"90_120",100,38,"any","wt","any","wt","DP",1,2.63157894736842
"102214_R4","102214_R4",20141022,20141106,"102214_R4_LM2","CD1/mixed","Littermate","ICM",100,"90_120",100,38,"any","wt","any","wt","EPI",16,42.1052631578947
"102214_R4","102214_R4",20141022,20141106,"102214_R4_LM2","CD1/mixed","Littermate","TE",100,"90_120",100,38,"any","wt","any","wt","TE",62,163.157894736842
"112415_LM","112415_LM",20151124,20151130,"112415_LM1","CD1/mixed","Littermate","ICM",176,">150",176,63,"any","wt","any","wt","PRE",30,47.6190476190476
"112415_LM","112415_LM",20151124,20151130,"112415_LM1","CD1/mixed","Littermate","ICM",176,">150",176,63,"any","wt","any","wt","DN",33,52.3809523809524
"112415_LM","112415_LM",20151124,20151130,"112415_LM1","CD1/mixed","Littermate","TE",176,">150",176,63,"any","wt","any","wt","TE",113,179.365079365079
"112415_LM","112415_LM",20151124,20151130,"112415_LM2","CD1/mixed","Littermate","ICM",205,">150",176,91,"any","wt","any","wt","PRE",42,46.1538461538462
"112415_LM","112415_LM",20151124,20151130,"112415_LM2","CD1/mixed","Littermate","ICM",205,">150",176,91,"any","wt","any","wt","EPI",13,14.2857142857143
"112415_LM","112415_LM",20151124,20151130,"112415_LM2","CD1/mixed","Littermate","ICM",205,">150",176,91,"any","wt","any","wt","EPI.lo",1,1.0989010989011
"112415_LM","112415_LM",20151124,20151130,"112415_LM2","CD1/mixed","Littermate","ICM",205,">150",176,91,"any","wt","any","wt","DN",35,38.4615384615385
"112415_LM","112415_LM",20151124,20151130,"112415_LM2","CD1/mixed","Littermate","TE",205,">150",176,91,"any","wt","any","wt","TE",114,125.274725274725
"112415_LM","112415_LM",20151124,20151130,"112415_LM4","CD1/mixed","Littermate","ICM",178,">150",176,82,"any","wt","any","wt","PRE",32,39.0243902439024
"112415_LM","112415_LM",20151124,20151130,"112415_LM4","CD1/mixed","Littermate","ICM",178,">150",176,82,"any","wt","any","wt","EPI",13,15.8536585365854
"112415_LM","112415_LM",20151124,20151130,"112415_LM4","CD1/mixed","Littermate","ICM",178,">150",176,82,"any","wt","any","wt","EPI.lo",22,26.8292682926829
"112415_LM","112415_LM",20151124,20151130,"112415_LM4","CD1/mixed","Littermate","ICM",178,">150",176,82,"any","wt","any","wt","DN",15,18.2926829268293
"112415_LM","112415_LM",20151124,20151130,"112415_LM4","CD1/mixed","Littermate","TE",178,">150",176,82,"any","wt","any","wt","TE",96,117.073170731707
"112415_LM","112415_LM",20151124,20151130,"112415_LM5","CD1/mixed","Littermate","ICM",216,">150",176,92,"any","wt","any","wt","PRE",34,36.9565217391304
"112415_LM","112415_LM",20151124,20151130,"112415_LM5","CD1/mixed","Littermate","ICM",216,">150",176,92,"any","wt","any","wt","EPI",2,2.17391304347826
"112415_LM","112415_LM",20151124,20151130,"112415_LM5","CD1/mixed","Littermate","ICM",216,">150",176,92,"any","wt","any","wt","EPI.lo",42,45.6521739130435
"112415_LM","112415_LM",20151124,20151130,"112415_LM5","CD1/mixed","Littermate","ICM",216,">150",176,92,"any","wt","any","wt","DN",14,15.2173913043478
"112415_LM","112415_LM",20151124,20151130,"112415_LM5","CD1/mixed","Littermate","TE",216,">150",176,92,"any","wt","any","wt","TE",124,134.782608695652
"112415_LM","112415_LM",20151124,20151130,"112415_LM6","CD1/mixed","Littermate","ICM",160,">150",176,62,"any","wt","any","wt","PRE",31,50
"112415_LM","112415_LM",20151124,20151130,"112415_LM6","CD1/mixed","Littermate","ICM",160,">150",176,62,"any","wt","any","wt","EPI",18,29.0322580645161
"112415_LM","112415_LM",20151124,20151130,"112415_LM6","CD1/mixed","Littermate","ICM",160,">150",176,62,"any","wt","any","wt","EPI.lo",9,14.5161290322581
"112415_LM","112415_LM",20151124,20151130,"112415_LM6","CD1/mixed","Littermate","ICM",160,">150",176,62,"any","wt","any","wt","DN",4,6.45161290322581
"112415_LM","112415_LM",20151124,20151130,"112415_LM6","CD1/mixed","Littermate","TE",160,">150",176,62,"any","wt","any","wt","TE",98,158.064516129032
"112415_LM","112415_LM",20151124,20151130,"112415_LM7","CD1/mixed","Littermate","ICM",125,"120_150",176,39,"any","wt","any","wt","PRE",28,71.7948717948718
"112415_LM","112415_LM",20151124,20151130,"112415_LM7","CD1/mixed","Littermate","ICM",125,"120_150",176,39,"any","wt","any","wt","EPI",8,20.5128205128205
"112415_LM","112415_LM",20151124,20151130,"112415_LM7","CD1/mixed","Littermate","ICM",125,"120_150",176,39,"any","wt","any","wt","DN",3,7.69230769230769
"112415_LM","112415_LM",20151124,20151130,"112415_LM7","CD1/mixed","Littermate","TE",125,"120_150",176,39,"any","wt","any","wt","TE",86,220.512820512821
"112415_LM","112415_LM",20151124,20151130,"112415_LM8","CD1/mixed","Littermate","ICM",147,"120_150",176,41,"any","wt","any","wt","PRE",29,70.7317073170732
"112415_LM","112415_LM",20151124,20151130,"112415_LM8","CD1/mixed","Littermate","ICM",147,"120_150",176,41,"any","wt","any","wt","EPI",10,24.390243902439
"112415_LM","112415_LM",20151124,20151130,"112415_LM8","CD1/mixed","Littermate","ICM",147,"120_150",176,41,"any","wt","any","wt","DN",2,4.8780487804878
"112415_LM","112415_LM",20151124,20151130,"112415_LM8","CD1/mixed","Littermate","TE",147,"120_150",176,41,"any","wt","any","wt","TE",106,258.536585365854
"112415_LM","112415_LM",20151124,20151130,"112415_LM9","CD1/mixed","Littermate","ICM",149,"120_150",176,42,"any","wt","any","wt","PRE",28,66.6666666666667
"112415_LM","112415_LM",20151124,20151130,"112415_LM9","CD1/mixed","Littermate","ICM",149,"120_150",176,42,"any","wt","any","wt","EPI",14,33.3333333333333
"112415_LM","112415_LM",20151124,20151130,"112415_LM9","CD1/mixed","Littermate","TE",149,"120_150",176,42,"any","wt","any","wt","TE",107,254.761904761905
"112415_LMb","112415_LMb",20151124,20151201,"112415_LMb1","CD1/mixed","Littermate","ICM",120,"120_150",135,38,"any","wt","any","wt","PRE",19,50
"112415_LMb","112415_LMb",20151124,20151201,"112415_LMb1","CD1/mixed","Littermate","ICM",120,"120_150",135,38,"any","wt","any","wt","EPI",19,50
"112415_LMb","112415_LMb",20151124,20151201,"112415_LMb1","CD1/mixed","Littermate","TE",120,"120_150",135,38,"any","wt","any","wt","TE",82,215.789473684211
"112415_LMb","112415_LMb",20151124,20151201,"112415_LMb2","CD1/mixed","Littermate","ICM",128,"120_150",135,31,"any","wt","any","wt","PRE",13,41.9354838709677
"112415_LMb","112415_LMb",20151124,20151201,"112415_LMb2","CD1/mixed","Littermate","ICM",128,"120_150",135,31,"any","wt","any","wt","DP",6,19.3548387096774
"112415_LMb","112415_LMb",20151124,20151201,"112415_LMb2","CD1/mixed","Littermate","ICM",128,"120_150",135,31,"any","wt","any","wt","EPI",12,38.7096774193548
"112415_LMb","112415_LMb",20151124,20151201,"112415_LMb2","CD1/mixed","Littermate","TE",128,"120_150",135,31,"any","wt","any","wt","TE",97,312.903225806452
"112415_LMb","112415_LMb",20151124,20151201,"112415_LMb3","CD1/mixed","Littermate","ICM",133,"120_150",135,45,"any","wt","any","wt","PRE",14,31.1111111111111
"112415_LMb","112415_LMb",20151124,20151201,"112415_LMb3","CD1/mixed","Littermate","ICM",133,"120_150",135,45,"any","wt","any","wt","DP",7,15.5555555555556
"112415_LMb","112415_LMb",20151124,20151201,"112415_LMb3","CD1/mixed","Littermate","ICM",133,"120_150",135,45,"any","wt","any","wt","EPI",22,48.8888888888889
"112415_LMb","112415_LMb",20151124,20151201,"112415_LMb3","CD1/mixed","Littermate","ICM",133,"120_150",135,45,"any","wt","any","wt","DN",2,4.44444444444444
"112415_LMb","112415_LMb",20151124,20151201,"112415_LMb3","CD1/mixed","Littermate","TE",133,"120_150",135,45,"any","wt","any","wt","TE",88,195.555555555556
"112415_LMb","112415_LMb",20151124,20151201,"112415_LMb4","CD1/mixed","Littermate","ICM",166,">150",135,78,"any","wt","any","wt","PRE",49,62.8205128205128
"112415_LMb","112415_LMb",20151124,20151201,"112415_LMb4","CD1/mixed","Littermate","ICM",166,">150",135,78,"any","wt","any","wt","EPI",2,2.56410256410256
"112415_LMb","112415_LMb",20151124,20151201,"112415_LMb4","CD1/mixed","Littermate","ICM",166,">150",135,78,"any","wt","any","wt","DN",27,34.6153846153846
"112415_LMb","112415_LMb",20151124,20151201,"112415_LMb4","CD1/mixed","Littermate","TE",166,">150",135,78,"any","wt","any","wt","TE",88,112.820512820513
"112415_LMb","112415_LMb",20151124,20151201,"112415_LMb5","CD1/mixed","Littermate","ICM",136,"120_150",135,47,"any","wt","any","wt","PRE",29,61.7021276595745
"112415_LMb","112415_LMb",20151124,20151201,"112415_LMb5","CD1/mixed","Littermate","ICM",136,"120_150",135,47,"any","wt","any","wt","DP",2,4.25531914893617
"112415_LMb","112415_LMb",20151124,20151201,"112415_LMb5","CD1/mixed","Littermate","ICM",136,"120_150",135,47,"any","wt","any","wt","EPI",16,34.0425531914894
"112415_LMb","112415_LMb",20151124,20151201,"112415_LMb5","CD1/mixed","Littermate","TE",136,"120_150",135,47,"any","wt","any","wt","TE",89,189.36170212766
"112415_LMb","112415_LMb",20151124,20151201,"112415_LMB6","CD1/mixed","Littermate","ICM",135,"120_150",135,30,"any","wt","any","wt","PRE",19,63.3333333333333
"112415_LMb","112415_LMb",20151124,20151201,"112415_LMB6","CD1/mixed","Littermate","ICM",135,"120_150",135,30,"any","wt","any","wt","EPI",11,36.6666666666667
"112415_LMb","112415_LMb",20151124,20151201,"112415_LMB6","CD1/mixed","Littermate","TE",135,"120_150",135,30,"any","wt","any","wt","TE",105,350
"112415_LMb","112415_LMb",20151124,20151201,"112415_LMB7","CD1/mixed","Littermate","ICM",200,">150",135,86,"any","wt","any","wt","PRE",55,63.953488372093
"112415_LMb","112415_LMb",20151124,20151201,"112415_LMB7","CD1/mixed","Littermate","ICM",200,">150",135,86,"any","wt","any","wt","EPI",24,27.906976744186
"112415_LMb","112415_LMb",20151124,20151201,"112415_LMB7","CD1/mixed","Littermate","ICM",200,">150",135,86,"any","wt","any","wt","EPI.lo",3,3.48837209302326
"112415_LMb","112415_LMb",20151124,20151201,"112415_LMB7","CD1/mixed","Littermate","ICM",200,">150",135,86,"any","wt","any","wt","DN",4,4.65116279069767
"112415_LMb","112415_LMb",20151124,20151201,"112415_LMB7","CD1/mixed","Littermate","TE",200,">150",135,86,"any","wt","any","wt","TE",114,132.558139534884
"112415_LMb","112415_LMb",20151124,20151201,"112415_LMB8","CD1/mixed","Littermate","ICM",131,"120_150",135,37,"any","wt","any","wt","PRE",19,51.3513513513513
"112415_LMb","112415_LMb",20151124,20151201,"112415_LMB8","CD1/mixed","Littermate","ICM",131,"120_150",135,37,"any","wt","any","wt","DP",2,5.40540540540541
"112415_LMb","112415_LMb",20151124,20151201,"112415_LMB8","CD1/mixed","Littermate","ICM",131,"120_150",135,37,"any","wt","any","wt","EPI",16,43.2432432432432
"112415_LMb","112415_LMb",20151124,20151201,"112415_LMB8","CD1/mixed","Littermate","TE",131,"120_150",135,37,"any","wt","any","wt","TE",94,254.054054054054
